  
  
                                   Welcome to
  
                                   C O D E   V
  
                                PC  Version 11.5
                                   Build 27302701
  
                                    9-Jul-2026
  
                            A proprietary product of
  
                              SYNOPSYS, INC
                              Pasadena, California
  
CODE V> OUT NO
     Radius input/output mode
  
    Lens data created by Zemax version 210628
  
    Zemax command MODE ignored
    Zemax command AUTH ignored
    ZEMAX NOTE 0 table5
    Zemax command PFIL ignored
    Zemax command LANG ignored
     WARNING - Glass catalog list not used.
     WARNING - Ray aiming not used.
     WARNING - Pupil shift for ray aiming not used.
    Zemax command SDMA ignored
    Zemax command OMMA ignored
    Zemax command HYPR ignored
     WARNING - Vignetting angles not used.
    Zemax command XAIM ignored
    Zemax command YAIM ignored
    Zemax command ZAIM ignored
    Zemax command POLS ignored
    Zemax command GLRS ignored
    Zemax command GSTD ignored
    Zemax command NSCD ignored
    Zemax command COFN ignored
    Zemax command COFN ignored
    Zemax command LUID ignored
  
     Surface pointer = OBJ
    Zemax command SSID ignored.
    Zemax surface type  STANDARD
    CODE V surface type SPH
    Zemax command FIMP ignored.
     WARNING - Hiding of rays not used.
    Zemax command MIRR ignored.
    Zemax command SLAB ignored.
    Zemax command MEMA ignored.
    Zemax command POPS ignored.
  
     Surface pointer = 1
    Zemax command SSID ignored.
    Zemax surface type  STANDARD
    CODE V surface type SPH
    Zemax command FIMP ignored.
     WARNING - Hiding of rays not used.
    Zemax command MIRR ignored.
    Zemax command SLAB ignored.
    Zemax command MEMA ignored.
    Zemax command POPS ignored.
  
     Surface pointer = 2
    Zemax command SSID ignored.
    Zemax surface type  EVENASPH
    CODE V surface type ASP
    Zemax command FIMP ignored.
     WARNING - Hiding of rays not used.
    Zemax command MIRR ignored.
    Zemax command SLAB ignored.
     WARNING - Partial dispersion of model glass not used.
    Zemax command MEMA ignored.
    Zemax command POPS ignored.
  
     Surface pointer = 3
    Zemax command SSID ignored.
    Zemax surface type  EVENASPH
    CODE V surface type ASP
    Zemax command FIMP ignored.
     WARNING - Hiding of rays not used.
    Zemax command MIRR ignored.
    Zemax command SLAB ignored.
    Zemax command MEMA ignored.
    Zemax command POPS ignored.
  
     Surface pointer = 4
    Zemax command SSID ignored.
    Zemax surface type  EVENASPH
    CODE V surface type ASP
    Zemax command FIMP ignored.
     WARNING - Hiding of rays not used.
    Zemax command MIRR ignored.
    Zemax command SLAB ignored.
     WARNING - Partial dispersion of model glass not used.
    Zemax command MEMA ignored.
    Zemax command POPS ignored.
  
     Surface pointer = 5
    Zemax command SSID ignored.
    Zemax surface type  EVENASPH
    CODE V surface type ASP
    Zemax command FIMP ignored.
     WARNING - Hiding of rays not used.
    Zemax command MIRR ignored.
    Zemax command SLAB ignored.
    Zemax command MEMA ignored.
    Zemax command POPS ignored.
  
     Surface pointer = 6
    Zemax command SSID ignored.
    Zemax surface type  EVENASPH
    CODE V surface type ASP
    Zemax command FIMP ignored.
     WARNING - Hiding of rays not used.
    Zemax command MIRR ignored.
    Zemax command SLAB ignored.
     WARNING - Partial dispersion of model glass not used.
    Zemax command MEMA ignored.
    Zemax command POPS ignored.
  
     Surface pointer = 7
    Zemax command SSID ignored.
    Zemax surface type  EVENASPH
    CODE V surface type ASP
    Zemax command FIMP ignored.
     WARNING - Hiding of rays not used.
    Zemax command MIRR ignored.
    Zemax command SLAB ignored.
    Zemax command MEMA ignored.
    Zemax command POPS ignored.
  
     Surface pointer = 8
    Zemax command SSID ignored.
    Zemax surface type  EVENASPH
    CODE V surface type ASP
    Zemax command FIMP ignored.
     WARNING - Hiding of rays not used.
    Zemax command MIRR ignored.
    Zemax command SLAB ignored.
     WARNING - Partial dispersion of model glass not used.
    Zemax command MEMA ignored.
    Zemax command POPS ignored.
  
     Surface pointer = 9
    Zemax command SSID ignored.
    Zemax surface type  EVENASPH
    CODE V surface type ASP
    Zemax command FIMP ignored.
     WARNING - Hiding of rays not used.
    Zemax command MIRR ignored.
    Zemax command SLAB ignored.
    Zemax command MEMA ignored.
    Zemax command POPS ignored.
  
     Surface pointer = 10
    Zemax command SSID ignored.
    Zemax surface type  EVENASPH
    CODE V surface type ASP
    Zemax command FIMP ignored.
     WARNING - Hiding of rays not used.
    Zemax command MIRR ignored.
    Zemax command SLAB ignored.
     WARNING - Partial dispersion of model glass not used.
    Zemax command MEMA ignored.
    Zemax command POPS ignored.
  
     Surface pointer = 11
    Zemax command SSID ignored.
    Zemax surface type  EVENASPH
    CODE V surface type ASP
    Zemax command FIMP ignored.
     WARNING - Hiding of rays not used.
    Zemax command MIRR ignored.
    Zemax command SLAB ignored.
    Zemax command MEMA ignored.
    Zemax command POPS ignored.
  
     Surface pointer = 12
    Zemax command SSID ignored.
    Zemax surface type  EVENASPH
    CODE V surface type ASP
    Zemax command FIMP ignored.
     WARNING - Hiding of rays not used.
    Zemax command MIRR ignored.
    Zemax command SLAB ignored.
     WARNING - Partial dispersion of model glass not used.
    Zemax command MEMA ignored.
    Zemax command POPS ignored.
  
     Surface pointer = 13
    Zemax command SSID ignored.
    Zemax surface type  EVENASPH
    CODE V surface type ASP
    Zemax command FIMP ignored.
     WARNING - Hiding of rays not used.
    Zemax command MIRR ignored.
    Zemax command SLAB ignored.
    Zemax command MEMA ignored.
    Zemax command POPS ignored.
  
     Surface pointer = 14
    Zemax command SSID ignored.
    Zemax surface type  EVENASPH
    CODE V surface type ASP
    Zemax command FIMP ignored.
     WARNING - Hiding of rays not used.
    Zemax command MIRR ignored.
    Zemax command SLAB ignored.
     WARNING - Partial dispersion of model glass not used.
    Zemax command MEMA ignored.
    Zemax command POPS ignored.
  
     Surface pointer = 15
    Zemax command SSID ignored.
    Zemax surface type  EVENASPH
    CODE V surface type ASP
    Zemax command FIMP ignored.
     WARNING - Hiding of rays not used.
    Zemax command MIRR ignored.
    Zemax command SLAB ignored.
    Zemax command MEMA ignored.
    Zemax command POPS ignored.
  
     Surface pointer = 16
    Zemax command SSID ignored.
    Zemax surface type  EVENASPH
    CODE V surface type ASP
    Zemax command FIMP ignored.
     WARNING - Hiding of rays not used.
    Zemax command MIRR ignored.
    Zemax command SLAB ignored.
     WARNING - Partial dispersion of model glass not used.
    Zemax command MEMA ignored.
    Zemax command POPS ignored.
  
     Surface pointer = 17
    Zemax command SSID ignored.
    Zemax surface type  EVENASPH
    CODE V surface type ASP
    Zemax command FIMP ignored.
     WARNING - Hiding of rays not used.
    Zemax command MIRR ignored.
    Zemax command SLAB ignored.
    Zemax command MEMA ignored.
    Zemax command POPS ignored.
  
     Surface pointer = 18
    Zemax command SSID ignored.
    Zemax surface type  STANDARD
    CODE V surface type SPH
    Zemax command FIMP ignored.
     WARNING - Hiding of rays not used.
    Zemax command MIRR ignored.
    Zemax command SLAB ignored.
     WARNING - Partial dispersion of model glass not used.
    Zemax command MEMA ignored.
    Zemax command POPS ignored.
  
     Surface pointer = 19
    Zemax command SSID ignored.
    Zemax surface type  STANDARD
    CODE V surface type SPH
    Zemax command FIMP ignored.
     WARNING - Hiding of rays not used.
    Zemax command MIRR ignored.
    Zemax command SLAB ignored.
    Zemax command MEMA ignored.
    Zemax command POPS ignored.
  
     Surface pointer = IMG
    Zemax command SSID ignored.
    Zemax surface type  STANDARD
    CODE V surface type SPH
    Zemax command FIMP ignored.
     WARNING - Hiding of rays not used.
    Zemax command MIRR ignored.
    Zemax command SLAB ignored.
    Zemax command MEMA ignored.
    Zemax command POPS ignored.
  
     WARNING - Please check the converted lens carefully.
               Some information will not be converted.
               Changes in either CODE V or ZEMAX may invalidate
               the converted information.
               Due to differences between CODE V and ZEMAX ray
               aiming and vignetting factors, it is recommended
               that you set vignetting for the converted system.
  
               A concise listing of conversion warnings appears
               in the Tabbed Output Window 'Info' tab and in the
               Command Window.
  
CODE V> DEF VAR SA
CODE V>     AC S^s 0
CODE V>     BC S^s 0
CODE V>     CC S^s 0
CODE V>     DC S^s 0
CODE V>     EC S^s 0
CODE V>     FC S^s 0
CODE V>     GC S^s 0
CODE V>     AC S^s 0
CODE V>     BC S^s 0
CODE V>     CC S^s 0
CODE V>     DC S^s 0
CODE V>     EC S^s 0
CODE V>     FC S^s 0
CODE V>     GC S^s 0
CODE V>     AC S^s 0
CODE V>     BC S^s 0
CODE V>     CC S^s 0
CODE V>     DC S^s 0
CODE V>     EC S^s 0
CODE V>     FC S^s 0
CODE V>     GC S^s 0
CODE V>     AC S^s 0
CODE V>     BC S^s 0
CODE V>     CC S^s 0
CODE V>     DC S^s 0
CODE V>     EC S^s 0
CODE V>     FC S^s 0
CODE V>     GC S^s 0
CODE V>     AC S^s 0
CODE V>     BC S^s 0
CODE V>     CC S^s 0
CODE V>     DC S^s 0
CODE V>     EC S^s 0
CODE V>     FC S^s 0
CODE V>     GC S^s 0
CODE V>     AC S^s 0
CODE V>     BC S^s 0
CODE V>     CC S^s 0
CODE V>     DC S^s 0
CODE V>     EC S^s 0
CODE V>     FC S^s 0
CODE V>     GC S^s 0
CODE V>     AC S^s 0
CODE V>     BC S^s 0
CODE V>     CC S^s 0
CODE V>     DC S^s 0
CODE V>     EC S^s 0
CODE V>     FC S^s 0
CODE V>     GC S^s 0
CODE V>     AC S^s 0
CODE V>     BC S^s 0
CODE V>     CC S^s 0
CODE V>     DC S^s 0
CODE V>     EC S^s 0
CODE V>     FC S^s 0
CODE V>     GC S^s 0
CODE V>     AC S^s 0
CODE V>     BC S^s 0
CODE V>     CC S^s 0
CODE V>     DC S^s 0
CODE V>     EC S^s 0
CODE V>     FC S^s 0
CODE V>     GC S^s 0
CODE V>     AC S^s 0
CODE V>     BC S^s 0
CODE V>     CC S^s 0
CODE V>     DC S^s 0
CODE V>     EC S^s 0
CODE V>     FC S^s 0
CODE V>     GC S^s 0
CODE V>     AC S^s 0
CODE V>     BC S^s 0
CODE V>     CC S^s 0
CODE V>     DC S^s 0
CODE V>     EC S^s 0
CODE V>     FC S^s 0
CODE V>     GC S^s 0
CODE V>     AC S^s 0
CODE V>     BC S^s 0
CODE V>     CC S^s 0
CODE V>     DC S^s 0
CODE V>     EC S^s 0
CODE V>     FC S^s 0
CODE V>     GC S^s 0
CODE V>     AC S^s 0
CODE V>     BC S^s 0
CODE V>     CC S^s 0
CODE V>     DC S^s 0
CODE V>     EC S^s 0
CODE V>     FC S^s 0
CODE V>     GC S^s 0
CODE V>     AC S^s 0
CODE V>     BC S^s 0
CODE V>     CC S^s 0
CODE V>     DC S^s 0
CODE V>     EC S^s 0
CODE V>     FC S^s 0
CODE V>     GC S^s 0
CODE V>     AC S^s 0
CODE V>     BC S^s 0
CODE V>     CC S^s 0
CODE V>     DC S^s 0
CODE V>     EC S^s 0
CODE V>     FC S^s 0
CODE V>     GC S^s 0
CODE V>     AC S^s 0
CODE V>     BC S^s 0
CODE V>     CC S^s 0
CODE V>     DC S^s 0
CODE V>     EC S^s 0
CODE V>     FC S^s 0
CODE V>     GC S^s 0
     WARNING - One or more of the reference rays from field  2 is deviated far from
               most of the other rays from this field point.  The reference rays are
               used to determine the numerical aperture and the grid spacing.  Thus, it
               is important that these rays are focused at approximately the same spot
               as the other rays from this field point.  Modifying the vignetting
               may solve this problem and make the calculation more accurate.
 
 
CODE V> VUY 0 0.2 0.2
CODE V> VLY 0 0.2 0.2
CODE V> VUX 0 0.2 0.2
CODE V> VLX 0 0.2 0.2
     WARNING - One or more of the reference rays from field  2 is deviated far from
               most of the other rays from this field point.  The reference rays are
               used to determine the numerical aperture and the grid spacing.  Thus, it
               is important that these rays are focused at approximately the same spot
               as the other rays from this field point.  Modifying the vignetting
               may solve this problem and make the calculation more accurate.
 
 
CODE V> AUT
     AUT                                                                               9-Jul-26  19H  3M 22S
                                                 CODE V PC  Version: 11.5             CPU clock:  0H  0M  1S
     WARNING - CODE V places the reference sphere at the exit pupil.  However,
               the aberrations of this lens make the OPD data (and any quantity
               that depends upon OPD data) very sensitive to the exact value of
               the reference sphere radius.  You can use the RSL command to
               reposition the reference sphere if that is appropriate for
               your application.
     ***Defocussing frozen to eliminate redundant variable
AUT>   SUR N
AUT>   CHG SA
AUT>   WFR Y
AUT>   WTF FA 10
AUT>   EFL = 3.797
AUT>   @atelier_latcolor == @lcum(1)
AUT>   @atelier_latcolor = 0
AUT>   WTC 0.01
AUT>   @atelier_rmsspot == @rmssum(1)
AUT>   @atelier_rmsspot = 0
AUT>   WTC 0.001
AUT>   MNT 0.025
AUT>   MNE 0.025
AUT>   MXT 10
AUT>   MNA 0.001
AUT>   MXC 25
AUT>   MNC 3
AUT>   IMP 0.001
AUT> GO
 -------------------------------------------------------------------------------
  
       USER CONSTRAINT DEFINITIONS
            @atelier_rmsspot == @rmssum(1)
  
            @atelier_latcolor == @lcum(1)
  
  
  
       POTENTIALLY ACTIVE SPECIFIC CONSTRAINTS
         EFL                                  =       3.797000
         @ATELIER_LATCOLOR                    =       0.000000     (WTC =    0.01000)
         @ATELIER_RMSSPOT                     =       0.000000     (WTC =    0.00100)
  
       GENERAL CONSTRAINTS
         MXT      10.000000
         MNT       0.025000
         MNE       0.025000
         MNA       0.001000
         MAE       0.002500
         GLA               NFK5  NSK16  NLAF2  SF4
  
       ERROR FUNCTION CONSTRUCTION
         WFR        Y
         WTW       1          1          1
         WTA       0.000000
         DEL       0.220000
         WTX F1   10.000000
         WTX F2   10.000000
         WTX F3   10.000000
         WTY F1   10.000000
         WTY F2   10.000000
         WTY F3   10.000000
  
       CONVERGENCE CONTROLS
         MXC        25
         MNC         3
         TAR       0.000000
         IMP       0.001000
  
       OUTPUT CONTROLS
         SUR NO
         CHG S0..20
  
     Recommendations for most stable convergence:
  
       Use object space aperture specifications:
       - NAO for finite conjugate systems
       - EPD for infinite conjugate systems
  
       VARIABLE LIST
  
         NO      PARAMETERS *
          1      CUY S2       CUY S3       CUY S4       CUY S5
          2      CUY S3       CUY S4
          3      CUY S4       CUY S5
          4      CUY S5       CUY S6
          5      CUY S6       CUY S7       CUY S8       CUY S9       CUY S10       CUY S11       CUY S12       CUY S13
                    CUY S14       CUY S15       CUY S16       CUY S17
          6      CUY S7       CUY S8
          7      CUY S8       CUY S9       CUY S10       CUY S11       CUY S12       CUY S13       CUY S14       CUY S15
                    CUY S16       CUY S17
          8      CUY S9       CUY S10
          9      CUY S10       CUY S11       CUY S12       CUY S13       CUY S14       CUY S15       CUY S16       CUY S17
         10      CUY S11       CUY S12
         11      CUY S12       CUY S13       CUY S14       CUY S15       CUY S16       CUY S17
         12      CUY S13       CUY S14
         13      CUY S14       CUY S15       CUY S16       CUY S17
         14      CUY S15       CUY S16
         15      CUY S16       CUY S17
         16      CUY S17
         17      A   S2
         18      A   S3
         19      A   S4
         20      A   S5
         21      A   S6
         22      A   S7
         23      A   S8
         24      A   S9
         25      A   S10
         26      A   S11
         27      A   S12
         28      A   S13
         29      A   S14
         30      A   S15
         31      A   S16
         32      A   S17
         33      B   S2
         34      B   S3
         35      B   S4
         36      B   S5
         37      B   S6
         38      B   S7
         39      B   S8
         40      B   S9
         41      B   S10
         42      B   S11
         43      B   S12
         44      B   S13
         45      B   S14
         46      B   S15
         47      B   S16
         48      B   S17
         49      C   S2
         50      C   S3
         51      C   S4
         52      C   S5
         53      C   S6
         54      C   S7
         55      C   S8
         56      C   S9
         57      C   S10
         58      C   S11
         59      C   S12
         60      C   S13
         61      C   S14
         62      C   S15
         63      C   S16
         64      C   S17
         65      D   S2
         66      D   S3
         67      D   S4
         68      D   S5
         69      D   S6
         70      D   S7
         71      D   S8
         72      D   S9
         73      D   S10
         74      D   S11
         75      D   S12
         76      D   S13
         77      D   S14
         78      D   S15
         79      D   S16
         80      D   S17
         81      E   S2
         82      E   S3
         83      E   S4
         84      E   S5
         85      E   S6
         86      E   S7
         87      E   S8
         88      E   S9
         89      E   S10
         90      E   S11
         91      E   S12
         92      E   S13
         93      E   S14
         94      E   S15
         95      E   S16
         96      E   S17
         97      F   S2
         98      F   S3
         99      F   S4
        100      F   S5
        101      F   S6
        102      F   S7
        103      F   S8
        104      F   S9
        105      F   S10
        106      F   S11
        107      F   S12
        108      F   S13
        109      F   S14
        110      F   S15
        111      F   S16
        112      F   S17
        113      G   S2
        114      G   S3
        115      G   S4
        116      G   S5
        117      G   S6
        118      G   S7
        119      G   S8
        120      G   S9
        121      G   S10
        122      G   S11
        123      G   S12
        124      G   S13
        125      G   S14
        126      G   S15
        127      G   S16
        128      G   S17
        129      THI S1
        130      THI S3
        131      THI S5
        132      THI S7
        133      THI S9
        134      THI S11
        135      THI S13
        136      THI S15
        137      THI S17
        138      THI S19
  
     * Multiple entries on a line are composite variables.
     Composite variables are either program-generated bendings
     or user-requested couplings.
  
     138 VARIABLES
  
     138 CONSTRAINTS CAN BE ACTIVE
  
     RELATIVE TIME PER CYCLE IS 1267.7 UNITS
     WARNING - The macro function SPOTDATA is not supported on multiple threads.
               CODE V will set the multiple processor setting (MPP) to 1 to prevent errors.
               Please refer to the CODE V Setup and Operation Reference Manual for a complete list
               of pre-defined macro functions that are currently limited to running on a single thread.
  
 CYCLE NUMBER 0:
  
  ABERR F. =       66.33788797
  CONST F. =      278.67510259
  ERR. F.  =      345.01299056
  
  OPD     0.14106310   114.11712839     0.12436315
  WAV     0.15230587   115.67841901     0.13455016
  
  
  
  Parameter                 Value            Change
  CUY S2                5.66251416E-01      0.00E+00
  CUY S3                3.88334434E-02      0.00E+00
  CUY S4                3.84615385E-01      0.00E+00
  CUY S5                6.68896321E-01      0.00E+00
  CUY S6                1.85977311E-01      0.00E+00
  CUY S7               -6.90703136E-02      0.00E+00
  CUY S8               -8.49762067E-02      0.00E+00
  CUY S9                1.20612713E-01      0.00E+00
  CUY S10               1.03906899E-01      0.00E+00
  CUY S11              -9.06289650E-02      0.00E+00
  CUY S12              -4.89236791E-01      0.00E+00
  CUY S13              -3.12109863E-01      0.00E+00
  CUY S14               4.88519785E-01      0.00E+00
  CUY S15               5.42593597E-01      0.00E+00
  CUY S16               7.42942051E-01      0.00E+00
  CUY S17               7.96178344E-01      0.00E+00
  A   S2                3.38830000E-03      0.00E+00
  A   S3               -1.33510000E-01      0.00E+00
  A   S4               -1.72210000E-01      0.00E+00
  A   S5                1.17420000E-01      0.00E+00
  A   S6               -1.50950000E-02      0.00E+00
  A   S7               -1.63320000E-02      0.00E+00
  A   S8               -2.68960000E-03      0.00E+00
  A   S9               -1.17080000E-02      0.00E+00
  A   S10              -3.21010000E-02      0.00E+00
  A   S11              -1.11500000E-01      0.00E+00
  A   S12              -3.68830000E-02      0.00E+00
  A   S13              -1.88280000E-01      0.00E+00
  A   S14              -4.17730000E-02      0.00E+00
  A   S15              -1.86040000E-02      0.00E+00
  A   S16              -3.80020000E-01      0.00E+00
  A   S17              -2.83760000E-01      0.00E+00
  B   S2               -2.14130000E-02      0.00E+00
  B   S3                3.64800000E-01      0.00E+00
  B   S4                4.03320000E-01      0.00E+00
  B   S5               -2.37810000E-01      0.00E+00
  B   S6               -1.29050000E-02      0.00E+00
  B   S7               -3.58270000E-04      0.00E+00
  B   S8               -7.74900000E-03      0.00E+00
  B   S9               -2.61650000E-02      0.00E+00
  B   S10              -2.56880000E-02      0.00E+00
  B   S11               1.14060000E-01      0.00E+00
  B   S12               2.47280000E-01      0.00E+00
  B   S13               2.63130000E-01      0.00E+00
  B   S14               3.19880000E-02      0.00E+00
  B   S15               1.25340000E-02      0.00E+00
  B   S16               1.90900000E-01      0.00E+00
  B   S17               1.67140000E-01      0.00E+00
  C   S2                5.23680000E-02      0.00E+00
  C   S3               -4.93060000E-01      0.00E+00
  C   S4               -5.12310000E-01      0.00E+00
  C   S5                4.88870000E-01      0.00E+00
  C   S6                2.89670000E-02      0.00E+00
  C   S7                0.00000000E+00      0.00E+00
  C   S8                0.00000000E+00      0.00E+00
  C   S9               -6.24580000E-03      0.00E+00
  C   S10              -1.92500000E-02      0.00E+00
  C   S11              -1.05730000E-01      0.00E+00
  C   S12              -4.23130000E-01      0.00E+00
  C   S13              -3.01950000E-01      0.00E+00
  C   S14              -8.26420000E-02      0.00E+00
  C   S15              -2.67690000E-02      0.00E+00
  C   S16              -5.83880000E-02      0.00E+00
  C   S17              -7.52320000E-02      0.00E+00
  D   S2               -6.59340000E-02      0.00E+00
  D   S3                3.79060000E-01      0.00E+00
  D   S4                3.81180000E-01      0.00E+00
  D   S5               -5.53800000E-01      0.00E+00
  D   S6               -5.05740000E-02      0.00E+00
  D   S7                0.00000000E+00      0.00E+00
  D   S8                0.00000000E+00      0.00E+00
  D   S9               -8.83110000E-03      0.00E+00
  D   S10               8.80720000E-03      0.00E+00
  D   S11              -1.16980000E-01      0.00E+00
  D   S12               4.03360000E-01      0.00E+00
  D   S13               2.18020000E-01      0.00E+00
  D   S14               5.10530000E-02      0.00E+00
  D   S15               1.11850000E-02      0.00E+00
  D   S16               1.35340000E-02      0.00E+00
  D   S17               2.27380000E-02      0.00E+00
  E   S2                4.32090000E-02      0.00E+00
  E   S3               -1.54370000E-01      0.00E+00
  E   S4               -1.55620000E-01      0.00E+00
  E   S5                3.21790000E-01      0.00E+00
  E   S6                2.65500000E-02      0.00E+00
  E   S7                0.00000000E+00      0.00E+00
  E   S8                0.00000000E+00      0.00E+00
  E   S9                1.45620000E-04      0.00E+00
  E   S10               9.66476000E-07      0.00E+00
  E   S11               3.09210000E-01      0.00E+00
  E   S12              -1.72020000E-01      0.00E+00
  E   S13              -8.04540000E-02      0.00E+00
  E   S14              -1.81060000E-02      0.00E+00
  E   S15              -1.71560000E-03      0.00E+00
  E   S16              -2.27240000E-03      0.00E+00
  E   S17              -4.17900000E-03      0.00E+00
  F   S2               -1.17040000E-02      0.00E+00
  F   S3                2.40650000E-02      0.00E+00
  F   S4                2.60620000E-02      0.00E+00
  F   S5               -6.93340000E-02      0.00E+00
  F   S6               -2.29180000E-03      0.00E+00
  F   S7                0.00000000E+00      0.00E+00
  F   S8                0.00000000E+00      0.00E+00
  F   S9                0.00000000E+00      0.00E+00
  F   S10               0.00000000E+00      0.00E+00
  F   S11              -2.05730000E-01      0.00E+00
  F   S12               2.44550000E-02      0.00E+00
  F   S13               1.16930000E-02      0.00E+00
  F   S14               2.91960000E-03      0.00E+00
  F   S15               8.43540000E-05      0.00E+00
  F   S16               2.30920000E-04      0.00E+00
  F   S17               4.15040000E-04      0.00E+00
  G   S2                0.00000000E+00      0.00E+00
  G   S3                0.00000000E+00      0.00E+00
  G   S4                0.00000000E+00      0.00E+00
  G   S5                0.00000000E+00      0.00E+00
  G   S6                0.00000000E+00      0.00E+00
  G   S7                0.00000000E+00      0.00E+00
  G   S8                0.00000000E+00      0.00E+00
  G   S9                0.00000000E+00      0.00E+00
  G   S10               0.00000000E+00      0.00E+00
  G   S11               4.51540000E-02      0.00E+00
  G   S12               0.00000000E+00      0.00E+00
  G   S13               0.00000000E+00      0.00E+00
  G   S14               0.00000000E+00      0.00E+00
  G   S15               0.00000000E+00      0.00E+00
  G   S16              -1.03250000E-05      0.00E+00
  G   S17              -1.69690000E-05      0.00E+00
  THI S1               -4.51000000E-01      0.00E+00
  THI S3                8.20000000E-02      0.00E+00
  THI S5                2.97000000E-01      0.00E+00
  THI S7                3.70000000E-02      0.00E+00
  THI S9                8.70000000E-02      0.00E+00
  THI S11               2.36000000E-01      0.00E+00
  THI S13               3.50000000E-02      0.00E+00
  THI S15               2.43000000E-01      0.00E+00
  THI S17               5.00000000E-01      0.00E+00
  THI S19               2.43000000E-01      0.00E+00
  
        EFL          REDU         PIM          OAL         EN PUP       EX PUP
      3.971447     0.000000     0.242796     4.287000     0.000000    -2.428019
  
  Specific Constraints:        target        value         diff      active (**)
  EFL                    =   3.79700E+00   3.97145E+00   1.744E-01    **
  
  Weighted Constraints:        target        value        WTC/PTC     contrib
  @ATELIER_LATCOLOR      =   0.00000E+00   1.37721E+00   1.000E-02   1.897E+02
  @ATELIER_RMSSPOT       =   0.00000E+00   9.43415E+00   1.000E-03   8.900E+01
  
  Constraints added:      EFL (=)                     Mn CT S1 (>)
 RAY ERROR: REFL  9
 RAY ERROR: REFL 13
 RAY ERROR: REFL 13
 RAY ERROR: MISS  4
 RAY ERROR: MISS  4
 RAY ERROR: REFL  9
 RAY ERROR: MISS 14
 RAY ERROR: MISS 14
 RAY ERROR: MISS 14
 RAY ERROR: MISS 14
 RAY ERROR: MISS 14
 RAY ERROR: REFL 13
 RAY ERROR: REFL 13
 RAY ERROR: MISS 13
 RAY ERROR: MISS 13
 RAY ERROR: MISS 13
 RAY ERROR: MISS 13
 RAY ERROR: MISS 13
 RAY ERROR: MISS 13
 RAY ERROR: REFL 13
 RAY ERROR: MISS 14
  
 CYCLE NUMBER 1:
  
  ABERR F. =       66.33535253
  CONST F. =      0.464267E+06
  ERR. F.  =      0.464333E+06       (change =      0.463988E+06)
  
  OPD     0.14120762   114.11275905     0.12442854
  WAV     0.15246784   115.67400488     0.13462291
  
  
  
  Parameter                 Value            Change
  CUY S2                5.66251417E-01      1.80E-09
  CUY S3                3.88334520E-02      8.67E-09
  CUY S4                3.84615630E-01      2.45E-07
  CUY S5                6.68895208E-01     -1.11E-06
  CUY S6                1.85975968E-01     -1.34E-06
  CUY S7               -6.90702622E-02      5.14E-08
  CUY S8               -8.49761324E-02      7.43E-08
  CUY S9                1.20612752E-01      3.92E-08
  CUY S10               1.03906955E-01      5.60E-08
  CUY S11              -9.06289020E-02      6.30E-08
  CUY S12              -4.89236727E-01      6.32E-08
  CUY S13              -3.12108950E-01      9.13E-07
  CUY S14               4.88520042E-01      2.56E-07
  CUY S15               5.42592282E-01     -1.32E-06
  CUY S16               7.42940438E-01     -1.61E-06
  CUY S17               7.96177740E-01     -6.04E-07
  A   S2                3.38830040E-03      4.01E-10
  A   S3               -1.33510001E-01     -9.77E-10
  A   S4               -1.72210003E-01     -3.45E-09
  A   S5                1.17420010E-01      9.90E-09
  A   S6               -1.50950071E-02     -7.09E-09
  A   S7               -1.63319865E-02      1.35E-08
  A   S8               -2.68960733E-03     -7.33E-09
  A   S9               -1.17079692E-02      3.08E-08
  A   S10              -3.21010155E-02     -1.55E-08
  A   S11              -1.11499888E-01      1.12E-07
  A   S12              -3.68830511E-02     -5.11E-08
  A   S13              -1.88279949E-01      5.11E-08
  A   S14              -4.17729743E-02      2.57E-08
  A   S15              -1.86039623E-02      3.77E-08
  A   S16              -3.80020009E-01     -8.90E-09
  A   S17              -2.83759987E-01      1.27E-08
  B   S2               -2.14129981E-02      1.89E-09
  B   S3                3.64799999E-01     -8.54E-10
  B   S4                4.03319992E-01     -7.75E-09
  B   S5               -2.37809980E-01      1.97E-08
  B   S6               -1.29050091E-02     -9.09E-09
  B   S7               -3.58259776E-04      1.02E-08
  B   S8               -7.74900515E-03     -5.15E-09
  B   S9               -2.61649908E-02      9.21E-09
  B   S10              -2.56880078E-02     -7.81E-09
  B   S11               1.14060014E-01      1.41E-08
  B   S12               2.47279990E-01     -1.03E-08
  B   S13               2.63130009E-01      9.35E-09
  B   S14               3.19880019E-02      1.92E-09
  B   S15               1.25340046E-02      4.55E-09
  B   S16               1.90899999E-01     -9.46E-10
  B   S17               1.67140002E-01      1.59E-09
  C   S2                5.23680026E-02      2.63E-09
  C   S3               -4.93060001E-01     -1.09E-09
  C   S4               -5.12310016E-01     -1.56E-08
  C   S5                4.88870022E-01      2.20E-08
  C   S6                2.89669885E-02     -1.15E-08
  C   S7                9.43295385E-09      9.43E-09
  C   S8               -4.70877990E-09     -4.71E-09
  C   S9               -6.24579479E-03      5.21E-09
  C   S10              -1.92500033E-02     -3.32E-09
  C   S11              -1.05729996E-01      4.18E-09
  C   S12              -4.23130003E-01     -3.31E-09
  C   S13              -3.01949998E-01      2.41E-09
  C   S14              -8.26419995E-02      5.33E-10
  C   S15              -2.67689996E-02      4.09E-10
  C   S16              -5.83880001E-02     -1.30E-10
  C   S17              -7.52319998E-02      1.96E-10
  D   S2               -6.59339974E-02      2.56E-09
  D   S3                3.79059999E-01     -1.49E-09
  D   S4                3.81179970E-01     -3.03E-08
  D   S5               -5.53800000E-01     -7.32E-11
  D   S6               -5.05740135E-02     -1.35E-08
  D   S7                8.32654146E-09      8.33E-09
  D   S8               -5.17027991E-09     -5.17E-09
  D   S9               -8.83109578E-03      4.22E-09
  D   S10               8.80719755E-03     -2.45E-09
  D   S11              -1.16979998E-01      2.45E-09
  D   S12               4.03359999E-01     -1.44E-09
  D   S13               2.18020001E-01      6.76E-10
  D   S14               5.10530002E-02      1.64E-10
  D   S15               1.11850000E-02      4.38E-11
  D   S16               1.35340000E-02     -2.10E-11
  D   S17               2.27380000E-02      2.55E-11
  E   S2                4.32090021E-02      2.15E-09
  E   S3               -1.54370002E-01     -1.91E-09
  E   S4               -1.55620030E-01     -3.01E-08
  E   S5                3.21790050E-01      5.05E-08
  E   S6                2.65499839E-02     -1.61E-08
  E   S7                6.36143635E-09      6.36E-09
  E   S8               -5.20608996E-09     -5.21E-09
  E   S9                1.45622383E-04      2.38E-09
  E   S10               9.64104135E-07     -2.37E-09
  E   S11               3.09210001E-01      1.00E-09
  E   S12              -1.72020001E-01     -1.11E-09
  E   S13              -8.04539998E-02      1.92E-10
  E   S14              -1.81059999E-02      1.39E-10
  E   S15              -1.71559999E-03      5.04E-12
  E   S16              -2.27240000E-03     -3.71E-12
  E   S17              -4.17900000E-03      3.49E-12
  F   S2               -1.17039981E-02      1.89E-09
  F   S3                2.40649972E-02     -2.77E-09
  F   S4                2.60619612E-02     -3.88E-08
  F   S5               -6.93339295E-02      7.05E-08
  F   S6               -2.29181943E-03     -1.94E-08
  F   S7                6.50376938E-09      6.50E-09
  F   S8               -5.14875885E-09     -5.15E-09
  F   S9                2.03498284E-09      2.03E-09
  F   S10              -1.92576312E-09     -1.93E-09
  F   S11              -2.05729999E-01      6.67E-10
  F   S12               2.44549994E-02     -6.09E-10
  F   S13               1.16930001E-02      8.69E-11
  F   S14               2.91960007E-03      6.66E-11
  F   S15               8.43540005E-05      4.85E-13
  F   S16               2.30919999E-04     -6.94E-13
  F   S17               4.15040000E-04      4.98E-13
  G   S2                1.65011813E-09      1.65E-09
  G   S3               -3.53893352E-09     -3.54E-09
  G   S4               -4.74683558E-08     -4.75E-08
  G   S5                9.64149157E-08      9.64E-08
  G   S6               -2.31229107E-08     -2.31E-08
  G   S7                6.59878900E-09      6.60E-09
  G   S8               -5.06329076E-09     -5.06E-09
  G   S9                1.75409078E-09      1.75E-09
  G   S10              -1.59240291E-09     -1.59E-09
  G   S11               4.51540005E-02      4.61E-10
  G   S12              -3.62158611E-10     -3.62E-10
  G   S13               4.14573954E-11      4.15E-11
  G   S14               3.48691946E-11      3.49E-11
  G   S15              -2.23387970E-15     -2.23E-15
  G   S16              -1.03250001E-05     -1.34E-13
  G   S17              -1.69689999E-05      7.37E-14
  THI S1               -4.50999569E-01      4.31E-07
  THI S3                8.20002211E-02      2.21E-07
  THI S5                2.97000296E-01      2.96E-07
  THI S7                3.70002887E-02      2.89E-07
  THI S9                8.70003893E-02      3.89E-07
  THI S11               2.36001074E-01      1.07E-06
  THI S13               3.50000759E-02      7.59E-08
  THI S15               2.42999714E-01     -2.86E-07
  THI S17               5.00000049E-01      4.88E-08
  THI S19               2.43000049E-01      4.88E-08
  
        EFL          REDU         PIM          OAL         EN PUP       EX PUP
      3.971446     0.000000     0.242793     4.287003     0.000000    -2.428019
  
  Active Constraints -   2:    target        value         diff        cost
  EFL                    =   3.79700E+00   3.97145E+00   1.744E-01   1.046E-02
  Mn CT S1                                                           2.566E-03
  
  Weighted Constraints:        target        value        WTC/PTC     contrib
  @ATELIER_LATCOLOR      =   0.00000E+00   1.37704E+00   1.000E-02   1.896E+02
  @ATELIER_RMSSPOT       =   0.00000E+00   6.81232E+02   1.000E-03   4.641E+05
 RAY ERROR: MISS  2
 RAY ERROR: MISS 14
 RAY ERROR: MISS 16
 RAY ERROR: MISS 16
  
 CYCLE NUMBER 2:
  
  ABERR F. =        1.16408439
  CONST F. =      0.230344E+06
  ERR. F.  =      0.230345E+06       (change =     -0.233988E+06)
  
  OPD     1.62326696     0.44422445     0.27943516
  WAV     2.16339437     0.64521762     0.35150939
  
  
  
  Parameter                 Value            Change
  CUY S2                5.66249272E-01     -2.15E-06
  CUY S3                3.89878266E-02      1.54E-04
  CUY S4                4.18177386E-01      3.36E-02
  CUY S5                7.02412657E-01      3.35E-02
  CUY S6                1.86088125E-01      1.12E-04
  CUY S7               -6.90915448E-02     -2.13E-05
  CUY S8               -8.49974882E-02     -2.14E-05
  CUY S9                1.20398408E-01     -2.14E-04
  CUY S10               1.03688660E-01     -2.18E-04
  CUY S11              -9.06367156E-02     -7.81E-06
  CUY S12              -4.89246408E-01     -9.68E-06
  CUY S13              -3.12260982E-01     -1.52E-04
  CUY S14               4.88431011E-01     -8.90E-05
  CUY S15               5.42792586E-01      2.00E-04
  CUY S16               7.43004712E-01      6.43E-05
  CUY S17               7.95910965E-01     -2.67E-04
  A   S2                3.38957571E-03      1.28E-06
  A   S3               -1.33707248E-01     -1.97E-04
  A   S4               -1.72206583E-01      3.42E-06
  A   S5                1.17419940E-01     -6.98E-08
  A   S6               -1.50901467E-02      4.86E-06
  A   S7               -1.63380311E-02     -6.04E-06
  A   S8               -2.68479473E-03      4.81E-06
  A   S9               -1.17174364E-02     -9.47E-06
  A   S10              -3.20938526E-02      7.16E-06
  A   S11              -1.11500151E-01     -2.63E-07
  A   S12              -3.68683024E-02      1.47E-05
  A   S13              -1.88355022E-01     -7.51E-05
  A   S14              -4.17836072E-02     -1.06E-05
  A   S15              -1.85971718E-02      6.79E-06
  A   S16              -3.80023743E-01     -3.73E-06
  A   S17              -2.83743917E-01      1.61E-05
  B   S2               -2.12484003E-02      1.65E-04
  B   S3                3.64607620E-01     -1.92E-04
  B   S4                4.03320062E-01      7.01E-08
  B   S5               -2.37810069E-01     -8.84E-08
  B   S6               -1.29006886E-02      4.32E-06
  B   S7               -3.62340249E-04     -4.08E-06
  B   S8               -7.74593910E-03      3.07E-06
  B   S9               -2.61689562E-02     -3.97E-06
  B   S10              -2.56843952E-02      3.61E-06
  B   S11               1.14055667E-01     -4.35E-06
  B   S12               2.47275539E-01     -4.45E-06
  B   S13               2.63127863E-01     -2.15E-06
  B   S14               3.19866906E-02     -1.31E-06
  B   S15               1.25361840E-02      2.18E-06
  B   S16               1.90899287E-01     -7.12E-07
  B   S17               1.67142450E-01      2.45E-06
  C   S2                5.23660316E-02     -1.97E-06
  C   S3               -4.93062937E-01     -2.94E-06
  C   S4               -5.12309919E-01      9.67E-08
  C   S5                4.88869930E-01     -9.21E-08
  C   S6                2.90951963E-02      1.28E-04
  C   S7                3.28014413E-06      3.27E-06
  C   S8                2.28767252E-06      2.29E-06
  C   S9               -6.24810487E-03     -2.31E-06
  C   S10              -1.92481232E-02      1.88E-06
  C   S11              -1.05731813E-01     -1.82E-06
  C   S12              -4.23131917E-01     -1.91E-06
  C   S13              -3.01950739E-01     -7.42E-07
  C   S14              -8.26424092E-02     -4.10E-07
  C   S15              -2.67681534E-02      8.46E-07
  C   S16              -5.83881392E-02     -1.39E-07
  C   S17              -7.52316154E-02      3.84E-07
  D   S2               -6.59356261E-02     -1.63E-06
  D   S3                3.79063663E-01      3.66E-06
  D   S4                3.81188435E-01      8.47E-06
  D   S5               -5.53933824E-01     -1.34E-04
  D   S6               -5.04634193E-02      1.11E-04
  D   S7               -6.77741724E-05     -6.78E-05
  D   S8                2.56444240E-08      3.08E-08
  D   S9               -8.88315788E-03     -5.21E-05
  D   S10               8.80843873E-03      1.24E-06
  D   S11              -1.16981026E-01     -1.03E-06
  D   S12               4.03359031E-01     -9.67E-07
  D   S13               2.18020310E-01      3.09E-07
  D   S14               5.10528706E-02     -1.30E-07
  D   S15               1.11854338E-02      4.34E-07
  D   S16               1.35339721E-02     -2.79E-08
  D   S17               2.27380618E-02      6.18E-08
  E   S2                4.33474257E-02      1.38E-04
  E   S3               -1.54614508E-01     -2.45E-04
  E   S4               -1.55377996E-01      2.42E-04
  E   S5                3.21651951E-01     -1.38E-04
  E   S6                2.66477398E-02      9.78E-05
  E   S7               -4.93531380E-05     -4.94E-05
  E   S8                4.33802286E-05      4.34E-05
  E   S9                1.12369761E-04     -3.33E-05
  E   S10               3.14292661E-05      3.05E-05
  E   S11               3.09209480E-01     -5.21E-07
  E   S12              -1.72008910E-01      1.11E-05
  E   S13              -8.04538815E-02      1.18E-07
  E   S14              -1.81058512E-02      1.49E-07
  E   S15              -1.71566602E-03     -6.60E-08
  E   S16              -2.27240578E-03     -5.78E-09
  E   S17              -4.17898987E-03      1.01E-08
  F   S2               -1.15903215E-02      1.14E-04
  F   S3                2.38296671E-02     -2.35E-04
  F   S4                2.63505489E-02      2.89E-04
  F   S5               -6.94770881E-02     -1.43E-04
  F   S6               -2.20607208E-03      8.57E-05
  F   S7               -3.63280962E-05     -3.63E-05
  F   S8                3.09074766E-05      3.09E-05
  F   S9               -2.12729479E-05     -2.13E-05
  F   S10               1.92239627E-05      1.92E-05
  F   S11              -2.05730320E-01     -3.20E-07
  F   S12               2.44663220E-02      1.13E-05
  F   S13               1.16930551E-02      5.50E-08
  F   S14               2.91955518E-03     -4.49E-08
  F   S15               8.43466023E-05     -7.40E-09
  F   S16               2.30918743E-04     -1.26E-09
  F   S17               4.15041694E-04      1.69E-09
  G   S2                9.01618355E-05      9.02E-05
  G   S3               -1.74485316E-04     -1.74E-04
  G   S4                3.47665939E-04      3.48E-04
  G   S5               -1.49395353E-04     -1.49E-04
  G   S6                7.57221563E-05      7.57E-05
  G   S7               -2.70207245E-05     -2.70E-05
  G   S8                2.22807384E-05      2.23E-05
  G   S9               -1.37200758E-05     -1.37E-05
  G   S10               1.22611155E-05      1.23E-05
  G   S11               4.51478575E-02     -6.14E-06
  G   S12               7.95551716E-06      7.96E-06
  G   S13              -3.75601948E-07     -3.76E-07
  G   S14              -1.66761030E-08     -1.67E-08
  G   S15              -1.08908953E-09     -1.09E-09
  G   S16              -1.03252945E-05     -2.94E-10
  G   S17              -1.69687115E-05      2.88E-10
  THI S1               -3.37999677E-01      1.13E-01
  THI S3                8.19757031E-02     -2.45E-05
  THI S5                2.96999694E-01     -6.02E-07
  THI S7                3.69997223E-02     -5.66E-07
  THI S9                8.69598071E-02     -4.06E-05
  THI S11               2.35922407E-01     -7.87E-05
  THI S13               3.49736145E-02     -2.65E-05
  THI S15               2.42876436E-01     -1.23E-04
  THI S17               4.98487103E-01     -1.51E-03
  THI S19               2.41487103E-01     -1.51E-03
  
        EFL          REDU         PIM          OAL         EN PUP       EX PUP
      3.925382     0.000000     0.207700     4.398195     0.000000    -2.478010
  
  Active Constraints -   2:    target        value         diff        cost
  EFL                    =   3.79700E+00   3.92538E+00   1.284E-01  -7.177E+00
  Mn CT S1                                                          -1.657E+03
  
  Weighted Constraints:        target        value        WTC/PTC     contrib
  @ATELIER_LATCOLOR      =   0.00000E+00   9.35042E-01   1.000E-02   8.743E+01
  @ATELIER_RMSSPOT       =   0.00000E+00   4.79850E+02   1.000E-03   2.303E+05
 RAY ERROR: MISS 13
 RAY ERROR: MISS 13
 RAY ERROR: MISS 11
 RAY ERROR: MISS 13
 RAY ERROR: MISS 13
 RAY ERROR: MISS 13
 RAY ERROR: MISS 13
 RAY ERROR: REFL 13
 RAY ERROR: REFL 13
 RAY ERROR: MISS( 15)  15
  
 CYCLE NUMBER 3:
  
  ABERR F. =       39.23167069
  CONST F. =      0.212828E+06
  ERR. F.  =      0.212867E+06       (change =     -0.174781E+05)
  
  OPD     1.44810895    67.66887953     0.15966566
  WAV     1.98416755    68.18767778     0.21867685
  
  
  
  Parameter                 Value            Change
  CUY S2                5.66131872E-01     -1.17E-04
  CUY S3                3.88954834E-02     -9.23E-05
  CUY S4                4.18116308E-01     -6.11E-05
  CUY S5                7.02302743E-01     -1.10E-04
  CUY S6                1.86072707E-01     -1.54E-05
  CUY S7               -6.89718292E-02      1.20E-04
  CUY S8               -8.48674683E-02      1.30E-04
  CUY S9                1.20527493E-01      1.29E-04
  CUY S10               1.03826920E-01      1.38E-04
  CUY S11              -9.05878865E-02      4.88E-05
  CUY S12              -4.89189802E-01      5.66E-05
  CUY S13              -3.12270036E-01     -9.05E-06
  CUY S14               4.88437524E-01      6.51E-06
  CUY S15               5.42751723E-01     -4.09E-05
  CUY S16               7.42990733E-01     -1.40E-05
  CUY S17               7.95965178E-01      5.42E-05
  A   S2                3.38493384E-03     -4.64E-06
  A   S3               -1.33692289E-01      1.50E-05
  A   S4               -1.72218965E-01     -1.24E-05
  A   S5                1.17458740E-01      3.88E-05
  A   S6               -1.51136290E-02     -2.35E-05
  A   S7               -1.63107398E-02      2.73E-05
  A   S8               -2.70911316E-03     -2.43E-05
  A   S9               -1.17089540E-02      8.48E-06
  A   S10              -3.21247420E-02     -3.09E-05
  A   S11              -1.11499836E-01      3.15E-07
  A   S12              -3.69212208E-02     -5.29E-05
  A   S13              -1.88315347E-01      3.97E-05
  A   S14              -4.20883448E-02     -3.05E-04
  A   S15              -1.86322672E-02     -3.51E-05
  A   S16              -3.80014432E-01      9.31E-06
  A   S17              -2.83767952E-01     -2.40E-05
  B   S2               -2.12532209E-02     -4.82E-06
  B   S3                3.64615778E-01      8.16E-06
  B   S4                4.03307658E-01     -1.24E-05
  B   S5               -2.37786184E-01      2.39E-05
  B   S6               -1.29174932E-02     -1.68E-05
  B   S7               -3.46111029E-04      1.62E-05
  B   S8               -7.76008036E-03     -1.41E-05
  B   S9               -2.61528511E-02      1.61E-05
  B   S10              -2.57001952E-02     -1.58E-05
  B   S11               1.14074720E-01      1.91E-05
  B   S12               2.47235943E-01     -3.96E-05
  B   S13               2.63141628E-01      1.38E-05
  B   S14               3.17225904E-02     -2.64E-04
  B   S15               1.25303334E-02     -5.85E-06
  B   S16               1.90900763E-01      1.48E-06
  B   S17               1.67139477E-01     -2.97E-06
  C   S2                5.23630003E-02     -3.03E-06
  C   S3               -4.93058693E-01      4.24E-06
  C   S4               -5.12317881E-01     -7.96E-06
  C   S5                4.88886813E-01      1.69E-05
  C   S6                2.90747586E-02     -2.04E-05
  C   S7                2.18962976E-05      1.86E-05
  C   S8               -7.28632353E-06     -9.57E-06
  C   S9               -6.23875243E-03      9.35E-06
  C   S10              -1.92568385E-02     -8.72E-06
  C   S11              -1.05722784E-01      9.03E-06
  C   S12              -4.23129560E-01      2.36E-06
  C   S13              -3.01945461E-01      5.28E-06
  C   S14              -8.25661998E-02      7.62E-05
  C   S15              -2.67692991E-02     -1.15E-06
  C   S16              -5.83878798E-02      2.59E-07
  C   S17              -7.52320167E-02     -4.01E-07
  D   S2               -6.59375654E-02     -1.94E-06
  D   S3                3.79066851E-01      3.19E-06
  D   S4                3.81183053E-01     -5.38E-06
  D   S5               -5.53921039E-01      1.28E-05
  D   S6               -5.04782372E-02     -1.48E-05
  D   S7               -5.52973724E-05      1.25E-05
  D   S8               -1.22540240E-05     -1.23E-05
  D   S9               -8.87219450E-03      1.10E-05
  D   S10               8.80281193E-03     -5.63E-06
  D   S11              -1.16975846E-01      5.18E-06
  D   S12               4.03345173E-01     -1.39E-05
  D   S13               2.18025565E-01      5.26E-06
  D   S14               5.10753030E-02      2.24E-05
  D   S15               1.11851918E-02     -2.42E-07
  D   S16               1.35340206E-02      4.85E-08
  D   S17               2.27380041E-02     -5.77E-08
  E   S2                4.33461866E-02     -1.24E-06
  E   S3               -1.54612474E-01      2.03E-06
  E   S4               -1.55381747E-01     -3.75E-06
  E   S5                3.21662055E-01      1.01E-05
  E   S6                2.66364872E-02     -1.13E-05
  E   S7               -4.05696088E-05      8.78E-06
  E   S8                3.48753699E-05     -8.50E-06
  E   S9                1.19536956E-04      7.17E-06
  E   S10               2.36895329E-05     -7.74E-06
  E   S11               3.09212298E-01      2.82E-06
  E   S12              -1.72018277E-01     -9.37E-06
  E   S13              -8.04508694E-02      3.01E-06
  E   S14              -1.80997032E-02      6.15E-06
  E   S15              -1.71571984E-03     -5.38E-08
  E   S16              -2.27239627E-03      9.51E-09
  E   S17              -4.17899853E-03     -8.67E-09
  F   S2               -1.15911393E-02     -8.18E-07
  F   S3                2.38309807E-02      1.31E-06
  F   S4                2.63478822E-02     -2.67E-06
  F   S5               -6.94688792E-02      8.21E-06
  F   S6               -2.21489590E-03     -8.82E-06
  F   S7               -2.99551915E-05      6.37E-06
  F   S8                2.48199921E-05     -6.09E-06
  F   S9               -1.64567482E-05      4.82E-06
  F   S10               1.40159657E-05     -5.21E-06
  F   S11              -2.05728580E-01      1.74E-06
  F   S12               2.44602951E-02     -6.03E-06
  F   S13               1.16947737E-02      1.72E-06
  F   S14               2.91959987E-03      4.47E-08
  F   S15               8.43343219E-05     -1.23E-08
  F   S16               2.30920679E-04      1.94E-09
  F   S17               4.15040356E-04     -1.34E-09
  G   S2                8.96268066E-05     -5.35E-07
  G   S3               -1.73630399E-04      8.55E-07
  G   S4                3.45744511E-04     -1.92E-06
  G   S5               -1.42607341E-04      6.79E-06
  G   S6                6.86738597E-05     -7.05E-06
  G   S7               -2.22914013E-05      4.73E-06
  G   S8                1.78207665E-05     -4.46E-06
  G   S9               -1.04239090E-05      3.30E-06
  G   S10               8.69613517E-06     -3.56E-06
  G   S11               4.51508013E-02      2.94E-06
  G   S12               4.05235203E-06     -3.90E-06
  G   S13               5.41138948E-07      9.17E-07
  G   S14               1.14196779E-07      1.31E-07
  G   S15              -3.96065382E-09     -2.87E-09
  G   S16              -1.03248875E-05      4.07E-10
  G   S17              -1.69689226E-05     -2.11E-10
  THI S1               -3.37668622E-01      3.31E-04
  THI S3                8.20395205E-02      6.38E-05
  THI S5                2.97000421E-01      7.26E-07
  THI S7                3.70719203E-02      7.22E-05
  THI S9                8.67105057E-02     -2.49E-04
  THI S11               2.35953788E-01      3.14E-05
  THI S13               3.55570400E-02      5.83E-04
  THI S15               2.42555534E-01     -3.21E-04
  THI S17               4.97398076E-01     -1.09E-03
  THI S19               2.40398076E-01     -1.09E-03
  
        EFL          REDU         PIM          OAL         EN PUP       EX PUP
      3.925253     0.000000     0.208754     4.397618     0.000000    -2.477124
  
  Active Constraints -   2:    target        value         diff        cost
  EFL                    =   3.79700E+00   3.92525E+00   1.283E-01   9.068E+00
  Mn CT S1                                                          -3.040E+01
  
  Weighted Constraints:        target        value        WTC/PTC     contrib
  @ATELIER_LATCOLOR      =   0.00000E+00   1.05269E+00   1.000E-02   1.108E+02
  @ATELIER_RMSSPOT       =   0.00000E+00   4.61212E+02   1.000E-03   2.127E+05
 RAY ERROR: MISS 14
     Derivative scaled for variable  77
 RAY ERROR: MISS 14
     Derivative scaled for variable 119
 RAY ERROR: MISS 14
     Derivative scaled for variable 122
 RAY ERROR: MISS 14
     Derivative scaled for variable 124
 RAY ERROR: MISS 14
     Derivative scaled for variable 129
 RAY ERROR: REFL 13
 RAY ERROR: MISS 13
 RAY ERROR: MISS 14
 RAY ERROR: MISS 13
 RAY ERROR: MISS 14
  
 CYCLE NUMBER 4:
  
  ABERR F. =        1.06306808
  CONST F. =      0.213453E+06
  ERR. F.  =      0.213454E+06       (change =      0.586981E+03)
  
  OPD     1.40148636     0.58004100     0.33298790
  WAV     1.91437490     0.73893325     0.39791495
  
  
  
  Parameter                 Value            Change
  CUY S2                5.66177177E-01      4.53E-05
  CUY S3                3.89703137E-02      7.48E-05
  CUY S4                4.18292883E-01      1.77E-04
  CUY S5                7.02378460E-01      7.57E-05
  CUY S6                1.86009866E-01     -6.28E-05
  CUY S7               -6.89301937E-02      4.16E-05
  CUY S8               -8.48147156E-02      5.28E-05
  CUY S9                1.20576085E-01      4.86E-05
  CUY S10               1.03885394E-01      5.85E-05
  CUY S11              -9.05490339E-02      3.89E-05
  CUY S12              -4.86863626E-01      2.33E-03
  CUY S13              -3.10083219E-01      2.19E-03
  CUY S14               4.90669115E-01      2.23E-03
  CUY S15               5.44883493E-01      2.13E-03
  CUY S16               7.45189212E-01      2.20E-03
  CUY S17               7.98329930E-01      2.36E-03
  A   S2                3.38277131E-03     -2.16E-06
  A   S3               -1.33686293E-01      6.00E-06
  A   S4               -1.72223934E-01     -4.97E-06
  A   S5                1.17472605E-01      1.39E-05
  A   S6               -1.50977328E-02      1.59E-05
  A   S7               -1.63000459E-02      1.07E-05
  A   S8               -2.71873831E-03     -9.63E-06
  A   S9               -1.17050120E-02      3.94E-06
  A   S10              -3.21368320E-02     -1.21E-05
  A   S11              -1.11499668E-01      1.68E-07
  A   S12              -3.69444698E-02     -2.32E-05
  A   S13              -1.88284978E-01      3.04E-05
  A   S14              -4.20665126E-02      2.18E-05
  A   S15              -1.86536007E-02     -2.13E-05
  A   S16              -3.80007721E-01      6.71E-06
  A   S17              -2.83787523E-01     -1.96E-05
  B   S2               -2.12556052E-02     -2.38E-06
  B   S3                3.64619414E-01      3.64E-06
  B   S4                4.03302496E-01     -5.16E-06
  B   S5               -2.37776445E-01      9.74E-06
  B   S6               -1.29240698E-02     -6.58E-06
  B   S7               -3.39611255E-04      6.50E-06
  B   S8               -7.76560938E-03     -5.53E-06
  B   S9               -2.61465535E-02      6.30E-06
  B   S10              -2.57065139E-02     -6.32E-06
  B   S11               1.14082154E-01      7.43E-06
  B   S12               2.47218622E-01     -1.73E-05
  B   S13               2.63147276E-01      5.65E-06
  B   S14               3.17711876E-02      4.86E-05
  B   S15               1.25263976E-02     -3.94E-06
  B   S16               1.90901913E-01      1.15E-06
  B   S17               1.67137258E-01     -2.22E-06
  C   S2                5.23615885E-02     -1.41E-06
  C   S3               -4.93056715E-01      1.98E-06
  C   S4               -5.12321438E-01     -3.56E-06
  C   S5                4.88893330E-01      6.52E-06
  C   S6                2.90669363E-02     -7.82E-06
  C   S7                2.87540335E-05      6.86E-06
  C   S8               -1.11153726E-05     -3.83E-06
  C   S9               -6.23509350E-03      3.66E-06
  C   S10              -1.92603209E-02     -3.48E-06
  C   S11              -1.05719270E-01      3.51E-06
  C   S12              -4.23128251E-01      1.31E-06
  C   S13              -3.01943369E-01      2.09E-06
  C   S14              -8.25420973E-02      2.41E-05
  C   S15              -2.67701380E-02     -8.39E-07
  C   S16              -5.83876625E-02      2.17E-07
  C   S17              -7.52323143E-02     -2.98E-07
  D   S2               -6.59386118E-02     -1.05E-06
  D   S3                3.79068336E-01      1.49E-06
  D   S4                3.81180658E-01     -2.40E-06
  D   S5               -5.53916035E-01      5.00E-06
  D   S6               -5.04840752E-02     -5.84E-06
  D   S7               -5.02166264E-05      5.08E-06
  D   S8               -1.65222009E-05     -4.27E-06
  D   S9               -8.86815051E-03      4.04E-06
  D   S10               8.80056148E-03     -2.25E-06
  D   S11              -1.16973827E-01      2.02E-06
  D   S12               4.03339977E-01     -5.20E-06
  D   S13               2.18027806E-01      2.24E-06
  D   S14               5.10732685E-02     -2.03E-06
  D   S15               1.11849996E-02     -1.92E-07
  D   S16               1.35340641E-02      4.35E-08
  D   S17               2.27379605E-02     -4.35E-08
  E   S2                4.33455179E-02     -6.69E-07
  E   S3               -1.54611470E-01      1.00E-06
  E   S4               -1.55383611E-01     -1.86E-06
  E   S5                3.21666518E-01      4.46E-06
  E   S6                2.66320683E-02     -4.42E-06
  E   S7               -3.70384932E-05      3.53E-06
  E   S8                3.19049617E-05     -2.97E-06
  E   S9                1.22114893E-04      2.58E-06
  E   S10               2.09473435E-05     -2.74E-06
  E   S11               3.09213418E-01      1.12E-06
  E   S12              -1.72021737E-01     -3.46E-06
  E   S13              -8.04497975E-02      1.07E-06
  E   S14              -1.80979407E-02      1.76E-06
  E   S15              -1.71576618E-03     -4.63E-08
  E   S16              -2.27238725E-03      9.02E-09
  E   S17              -4.17900524E-03     -6.70E-09
  F   S2               -1.15915806E-02     -4.41E-07
  F   S3                2.38316898E-02      7.09E-07
  F   S4                2.63466396E-02     -1.24E-06
  F   S5               -6.94652664E-02      3.61E-06
  F   S6               -2.21835139E-03     -3.46E-06
  F   S7               -2.75225992E-05      2.43E-06
  F   S8                2.25216481E-05     -2.30E-06
  F   S9               -1.46436922E-05      1.81E-06
  F   S10               1.22206914E-05     -1.80E-06
  F   S11              -2.05727902E-01      6.78E-07
  F   S12               2.44580483E-02     -2.25E-06
  F   S13               1.16952715E-02      4.98E-07
  F   S14               2.91962053E-03      2.07E-08
  F   S15               8.43228899E-05     -1.14E-08
  F   S16               2.30922603E-04      1.92E-09
  F   S17               4.15039288E-04     -1.07E-09
  G   S2                8.93380807E-05     -2.89E-07
  G   S3               -1.73168929E-04      4.61E-07
  G   S4                3.44795714E-04     -9.49E-07
  G   S5               -1.39579404E-04      3.03E-06
  G   S6                6.57666435E-05     -2.91E-06
  G   S7               -2.03782858E-05      1.91E-06
  G   S8                1.96723954E-05      1.85E-06
  G   S9               -9.25900680E-06      1.16E-06
  G   S10               7.52031594E-06     -1.18E-06
  G   S11               4.51485907E-02     -2.21E-06
  G   S12               2.74435809E-06     -1.31E-06
  G   S13               4.56753501E-07     -8.44E-08
  G   S14               1.65291071E-07      5.11E-08
  G   S15              -6.81511330E-09     -2.85E-09
  G   S16              -1.03244679E-05      4.20E-10
  G   S17              -1.69690966E-05     -1.74E-10
  THI S1               -3.16501833E-01      2.12E-02
  THI S3                8.21422371E-02      1.03E-04
  THI S5                2.97000808E-01      3.88E-07
  THI S7                3.73659907E-02      2.94E-04
  THI S9                8.17626630E-02     -4.95E-03
  THI S11               2.36332385E-01      3.79E-04
  THI S13               3.56397934E-02      8.28E-05
  THI S15               2.41750852E-01     -8.05E-04
  THI S17               4.96790330E-01     -6.08E-04
  THI S19               2.39790330E-01     -6.08E-04
  
        EFL          REDU         PIM          OAL         EN PUP       EX PUP
      3.916971     0.000000     0.207886     4.413283     0.000000    -2.481309
  
  Active Constraints -   2:    target        value         diff        cost
  EFL                    =   3.79700E+00   3.91697E+00   1.200E-01  -1.032E+05
  Mn CT S1                                                          -4.141E+07
  
  Weighted Constraints:        target        value        WTC/PTC     contrib
  @ATELIER_LATCOLOR      =   0.00000E+00   1.52618E+00   1.000E-02   2.329E+02
  @ATELIER_RMSSPOT       =   0.00000E+00   4.61757E+02   1.000E-03   2.132E+05
 RAY ERROR: MISS 13
 RAY ERROR: MISS 13
 RAY ERROR: MISS 14
 RAY ERROR: MISS 14
 RAY ERROR: MISS 13
 RAY ERROR: MISS 13
 RAY ERROR: MISS 13
 RAY ERROR: MISS 13
 RAY ERROR: MISS 13
 RAY ERROR: MISS 13
 RAY ERROR: REFL 13
 RAY ERROR: MISS 14
  
 CYCLE NUMBER 5:
  
  ABERR F. =        1.04235131
  CONST F. =      0.211447E+06
  ERR. F.  =      0.211448E+06       (change =     -0.200570E+04)
  
  OPD     1.37166485     0.57223843     0.30957049
  WAV     1.88424321     0.72502158     0.37174399
  
  
  
  Parameter                 Value            Change
  CUY S2                5.66162113E-01     -1.51E-05
  CUY S3                3.89588552E-02     -1.15E-05
  CUY S4                4.18286698E-01     -6.18E-06
  CUY S5                7.02364788E-01     -1.37E-05
  CUY S6                1.86007197E-01     -2.67E-06
  CUY S7               -6.88947558E-02      3.54E-05
  CUY S8               -8.47777654E-02      3.70E-05
  CUY S9                1.20591916E-01      1.58E-05
  CUY S10               1.03902995E-01      1.76E-05
  CUY S11              -9.05374689E-02      1.16E-05
  CUY S12              -4.86849152E-01      1.45E-05
  CUY S13              -3.10083253E-01     -3.49E-08
  CUY S14               4.90671628E-01      2.51E-06
  CUY S15               5.44877267E-01     -6.23E-06
  CUY S16               7.45187381E-01     -1.83E-06
  CUY S17               7.98340301E-01      1.04E-05
  A   S2                3.38175947E-03     -1.01E-06
  A   S3               -1.33684461E-01      1.83E-06
  A   S4               -1.72226586E-01     -2.65E-06
  A   S5                1.17477537E-01      4.93E-06
  A   S6               -1.51044105E-02     -6.68E-06
  A   S7               -1.62928898E-02      7.16E-06
  A   S8               -2.72609781E-03     -7.36E-06
  A   S9               -1.16973118E-02      7.70E-06
  A   S10              -3.21445287E-02     -7.70E-06
  A   S11              -1.11490037E-01      9.63E-06
  A   S12              -3.69547408E-02     -1.03E-05
  A   S13              -1.88278906E-01      6.07E-06
  A   S14              -4.21041833E-02     -3.77E-05
  A   S15              -1.86582601E-02     -4.66E-06
  A   S16              -3.80006479E-01      1.24E-06
  A   S17              -2.83790726E-01     -3.20E-06
  B   S2               -2.12562105E-02     -6.05E-07
  B   S3                3.64620437E-01      1.02E-06
  B   S4                4.03300954E-01     -1.54E-06
  B   S5               -2.37773407E-01      3.04E-06
  B   S6               -1.29279444E-02     -3.87E-06
  B   S7               -3.35796639E-04      3.81E-06
  B   S8               -7.76947052E-03     -3.86E-06
  B   S9               -2.61426932E-02      3.86E-06
  B   S10              -2.57105171E-02     -4.00E-06
  B   S11               1.14086913E-01      4.76E-06
  B   S12               2.47213286E-01     -5.34E-06
  B   S13               2.63149922E-01      2.65E-06
  B   S14               3.17302867E-02     -4.09E-05
  B   S15               1.25255925E-02     -8.05E-07
  B   S16               1.90902116E-01      2.04E-07
  B   S17               1.67136852E-01     -4.06E-07
  C   S2                5.23612113E-02     -3.77E-07
  C   S3               -4.93056102E-01      6.14E-07
  C   S4               -5.12322425E-01     -9.87E-07
  C   S5                4.88895475E-01      2.14E-06
  C   S6                2.90643258E-02     -2.61E-06
  C   S7                3.11314240E-05      2.38E-06
  C   S8               -1.34887713E-05     -2.37E-06
  C   S9               -6.23284642E-03      2.25E-06
  C   S10              -1.92626820E-02     -2.36E-06
  C   S11              -1.05716654E-01      2.62E-06
  C   S12              -4.23131339E-01     -3.09E-06
  C   S13              -3.01942030E-01      1.34E-06
  C   S14              -8.25297346E-02      1.24E-05
  C   S15              -2.67702994E-02     -1.61E-07
  C   S16              -5.83876258E-02      3.67E-08
  C   S17              -7.52323700E-02     -5.56E-08
  D   S2               -6.59388519E-02     -2.40E-07
  D   S3                3.79068717E-01      3.81E-07
  D   S4                3.81179991E-01     -6.66E-07
  D   S5               -5.53914411E-01      1.62E-06
  D   S6               -5.04859721E-02     -1.90E-06
  D   S7               -4.86150942E-05      1.60E-06
  D   S8               -1.80999368E-05     -1.58E-06
  D   S9               -8.86674135E-03      1.41E-06
  D   S10               8.79907139E-03     -1.49E-06
  D   S11              -1.16972298E-01      1.53E-06
  D   S12               4.03338090E-01     -1.89E-06
  D   S13               2.18028537E-01      7.31E-07
  D   S14               5.10768976E-02      3.63E-06
  D   S15               1.11849648E-02     -3.48E-08
  D   S16               1.35340711E-02      7.02E-09
  D   S17               2.27379524E-02     -8.12E-09
  E   S2                4.33453632E-02     -1.55E-07
  E   S3               -1.54611229E-01      2.42E-07
  E   S4               -1.55384075E-01     -4.64E-07
  E   S5                3.21667799E-01      1.28E-06
  E   S6                2.66306265E-02     -1.44E-06
  E   S7               -3.59094893E-05      1.13E-06
  E   S8                3.08074436E-05     -1.10E-06
  E   S9                1.23037121E-04      9.22E-07
  E   S10               1.99688224E-05     -9.79E-07
  E   S11               3.09214347E-01      9.29E-07
  E   S12              -1.72022923E-01     -1.19E-06
  E   S13              -8.04493814E-02      4.16E-07
  E   S14              -1.80967321E-02      1.21E-06
  E   S15              -1.71577403E-03     -7.84E-09
  E   S16              -2.27238585E-03      1.40E-09
  E   S17              -4.17900647E-03     -1.24E-09
  F   S2               -1.15916810E-02     -1.00E-07
  F   S3                2.38318452E-02      1.55E-07
  F   S4                2.63463095E-02     -3.30E-07
  F   S5               -6.94642278E-02      1.04E-06
  F   S6               -2.21947977E-03     -1.13E-06
  F   S7               -2.67031417E-05      8.19E-07
  F   S8                2.17357622E-05     -7.86E-07
  F   S9               -1.40238198E-05      6.20E-07
  F   S10               1.15618335E-05     -6.59E-07
  F   S11              -2.05727325E-01      5.77E-07
  F   S12               2.44572922E-02     -7.56E-07
  F   S13               1.16955134E-02      2.42E-07
  F   S14               2.92006982E-03      4.49E-07
  F   S15               8.43210706E-05     -1.82E-09
  F   S16               2.30922894E-04      2.90E-10
  F   S17               4.15039095E-04     -1.94E-10
  G   S2                8.92726232E-05     -6.55E-08
  G   S3               -1.73068257E-04      1.01E-07
  G   S4                3.44557721E-04     -2.38E-07
  G   S5               -1.38721510E-04      8.58E-07
  G   S6                6.48651998E-05     -9.01E-07
  G   S7               -1.97715081E-05      6.07E-07
  G   S8                1.90985231E-05     -5.74E-07
  G   S9               -8.83494745E-06      4.24E-07
  G   S10               7.06927522E-06     -4.51E-07
  G   S11               4.51489552E-02      3.64E-07
  G   S12               2.25828842E-06     -4.86E-07
  G   S13               5.98356898E-07      1.42E-07
  G   S14               3.42329817E-07      1.77E-07
  G   S15              -7.24658767E-09     -4.31E-10
  G   S16              -1.03244059E-05      6.21E-11
  G   S17              -1.69691277E-05     -3.10E-11
  THI S1               -3.16346803E-01      1.55E-04
  THI S3                8.21480275E-02      5.79E-06
  THI S5                2.96969246E-01     -3.16E-05
  THI S7                3.73854148E-02      1.94E-05
  THI S9                8.17383545E-02     -2.43E-05
  THI S11               2.36353926E-01      2.15E-05
  THI S13               3.55942316E-02     -4.56E-05
  THI S15               2.41701961E-01     -4.89E-05
  THI S17               4.96653321E-01     -1.37E-04
  THI S19               2.39653321E-01     -1.37E-04
  
        EFL          REDU         PIM          OAL         EN PUP       EX PUP
      3.916911     0.000000     0.208070     4.413198     0.000000    -2.481157
  
  Active Constraints -   2:    target        value         diff        cost
  EFL                    =   3.79700E+00   3.91691E+00   1.199E-01   5.721E+00
  Mn CT S1                                                          -1.006E+02
  
  Weighted Constraints:        target        value        WTC/PTC     contrib
  @ATELIER_LATCOLOR      =   0.00000E+00   1.53847E+00   1.000E-02   2.367E+02
  @ATELIER_RMSSPOT       =   0.00000E+00   4.59576E+02   1.000E-03   2.112E+05
 RAY ERROR: REFL 11
  
 CYCLE NUMBER 6:
  
  ABERR F. =        5.09993645
  CONST F. =    51309.86750864
  ERR. F.  =    51314.96744509       (change =  -160133.23483448)
  
  OPD     5.72369371     4.07031566     5.00327070
  WAV     5.99453226     4.21917076     5.28766819
  
  
  
  Parameter                 Value            Change
  CUY S2                5.66315574E-01      1.53E-04
  CUY S3                4.11442343E-02      2.19E-03
  CUY S4                4.24798236E-01      6.51E-03
  CUY S5                7.03882961E-01      1.52E-03
  CUY S6                1.82987804E-01     -3.02E-03
  CUY S7               -6.92524214E-02     -3.58E-04
  CUY S8               -8.52087809E-02     -4.31E-04
  CUY S9                1.20295452E-01     -2.96E-04
  CUY S10               1.03518204E-01     -3.85E-04
  CUY S11              -9.08075809E-02     -2.70E-04
  CUY S12              -4.83877917E-01      2.97E-03
  CUY S13              -3.12932787E-01     -2.85E-03
  CUY S14               4.89829744E-01     -8.42E-04
  CUY S15               5.35827895E-01     -9.05E-03
  CUY S16               7.39539753E-01     -5.65E-03
  CUY S17               8.03596800E-01      5.26E-03
  A   S2                2.96598236E-03     -4.16E-04
  A   S3               -1.33757118E-01     -7.27E-05
  A   S4               -1.72120242E-01      1.06E-04
  A   S5                1.17438606E-01     -3.89E-05
  A   S6               -1.50159009E-02      8.85E-05
  A   S7               -1.63642974E-02     -7.14E-05
  A   S8               -2.65263451E-03      7.35E-05
  A   S9               -1.17990227E-02     -1.02E-04
  A   S10              -3.20410068E-02      1.04E-04
  A   S11              -1.11586153E-01     -9.61E-05
  A   S12              -3.65076474E-02      4.47E-04
  A   S13              -1.88355097E-01     -7.62E-05
  A   S14              -5.80966188E-02     -1.60E-02
  A   S15              -1.95490813E-02     -8.91E-04
  A   S16              -3.79893788E-01      1.13E-04
  A   S17              -2.83910975E-01     -1.20E-04
  B   S2               -2.15051291E-02     -2.49E-04
  B   S3                3.65041131E-01      4.21E-04
  B   S4                4.03362195E-01      6.12E-05
  B   S5               -2.37813627E-01     -4.02E-05
  B   S6               -1.28767386E-02      5.12E-05
  B   S7               -3.73765247E-04     -3.80E-05
  B   S8               -7.71836229E-03      5.11E-05
  B   S9               -2.61936561E-02     -5.10E-05
  B   S10              -2.56706711E-02      3.98E-05
  B   S11               1.14039407E-01     -4.75E-05
  B   S12               2.47306890E-01      9.36E-05
  B   S13               2.63126914E-01     -2.30E-05
  B   S14               8.62646515E-03     -2.31E-02
  B   S15               1.23683368E-02     -1.57E-04
  B   S16               1.90913288E-01      1.12E-05
  B   S17               1.67090011E-01     -4.68E-05
  C   S2                5.22061596E-02     -1.55E-04
  C   S3               -4.92804032E-01      2.52E-04
  C   S4               -5.12728675E-01     -4.06E-04
  C   S5                4.88809280E-01     -8.62E-05
  C   S6                2.91056166E-02      4.13E-05
  C   S7               -1.29087155E-07     -3.13E-05
  C   S8                1.01307422E-05      2.36E-05
  C   S9               -6.26236204E-03     -2.95E-05
  C   S10              -1.92391678E-02      2.35E-05
  C   S11              -1.05742044E-01     -2.54E-05
  C   S12              -4.23097746E-01      3.36E-05
  C   S13              -3.01950142E-01     -8.11E-06
  C   S14              -8.25698095E-02     -4.01E-05
  C   S15              -2.67991449E-02     -2.88E-05
  C   S16              -5.83871796E-02      4.46E-07
  C   S17              -7.52394841E-02     -7.11E-06
  D   S2               -6.60375125E-02     -9.87E-05
  D   S3                3.79225240E-01      1.57E-04
  D   S4                3.80905996E-01     -2.74E-04
  D   S5               -5.53187300E-01      7.27E-04
  D   S6               -5.04098714E-02      7.61E-05
  D   S7               -6.97827450E-05     -2.12E-05
  D   S8                2.65126611E-06      2.08E-05
  D   S9               -8.88075603E-03     -1.40E-05
  D   S10               8.81392343E-03      1.49E-05
  D   S11              -1.16984345E-01     -1.20E-05
  D   S12               4.03358244E-01      2.02E-05
  D   S13               2.18025322E-01     -3.21E-06
  D   S14               5.10656613E-02     -1.12E-05
  D   S15               1.11795663E-02     -5.40E-06
  D   S16               1.35338496E-02     -2.21E-07
  D   S17               2.27369524E-02     -1.00E-06
  E   S2                4.32818161E-02     -6.35E-05
  E   S3               -1.54512011E-01      9.92E-05
  E   S4               -1.55574793E-01     -1.91E-04
  E   S5                3.21616916E-01     -5.09E-05
  E   S6                2.66883001E-02      5.77E-05
  E   S7               -5.37583794E-05     -1.78E-05
  E   S8                4.17214713E-05      1.09E-05
  E   S9                1.13857777E-04     -9.18E-06
  E   S10               2.94535775E-05      9.48E-06
  E   S11               3.09207787E-01     -6.56E-06
  E   S12              -1.72010800E-01      1.21E-05
  E   S13              -8.04507440E-02     -1.36E-06
  E   S14              -1.80999128E-02     -3.18E-06
  E   S15              -1.71677976E-03     -1.01E-06
  E   S16              -2.27248820E-03     -1.02E-07
  E   S17              -4.17914397E-03     -1.37E-07
  F   S2               -1.16329089E-02     -4.12E-05
  F   S3                2.38955548E-02      6.37E-05
  F   S4                2.62107960E-02     -1.36E-04
  F   S5               -6.90344855E-02      4.30E-04
  F   S6               -2.17445760E-03      4.50E-05
  F   S7               -3.96736289E-05     -1.30E-05
  F   S8                3.21236118E-05      1.04E-05
  F   S9               -2.22305245E-05     -8.21E-06
  F   S10               1.79542239E-05      6.39E-06
  F   S11              -2.05730679E-01     -3.35E-06
  F   S12               2.44628418E-02      5.55E-06
  F   S13               1.16947855E-02     -7.28E-07
  F   S14               2.91900864E-03     -1.06E-06
  F   S15               8.41387500E-05     -1.82E-07
  F   S16               2.30890920E-04     -3.20E-08
  F   S17               4.15020574E-04     -1.85E-08
  G   S2                6.24069291E-05     -2.69E-05
  G   S3               -1.31809309E-04      4.13E-05
  G   S4                2.46898219E-04     -9.77E-05
  G   S5                2.16059034E-04      3.55E-04
  G   S6               -3.09427376E-04     -3.74E-04
  G   S7               -2.93701215E-05     -9.60E-06
  G   S8                2.66806315E-05      7.58E-06
  G   S9               -1.29418418E-05     -4.11E-06
  G   S10               1.14492954E-05      4.38E-06
  G   S11               4.51468336E-02     -2.12E-06
  G   S12               5.43069534E-06      3.17E-06
  G   S13               2.33321556E-07     -3.65E-07
  G   S14              -1.21012843E-08     -3.54E-07
  G   S15              -3.84194701E-08     -3.12E-08
  G   S16              -1.03331917E-05     -8.79E-09
  G   S17              -1.69715425E-05     -2.41E-09
  THI S1               -1.57673402E-01      1.59E-01
  THI S3                8.19249710E-02     -2.23E-04
  THI S5                2.78409712E-01     -1.86E-02
  THI S7                3.70803923E-02     -3.05E-04
  THI S9                7.13719389E-02     -1.04E-02
  THI S11               2.36022379E-01     -3.32E-04
  THI S13               7.20445156E-03     -2.84E-02
  THI S15               2.01771321E-01     -3.99E-02
  THI S17               4.33339643E-01     -6.33E-02
  THI S19               1.76339643E-01     -6.33E-02
  
        EFL          REDU         PIM          OAL         EN PUP       EX PUP
      3.856411     0.000000     0.301863     4.410451     0.000000    -2.419328
  
  Active Constraints -   2:    target        value         diff        cost
  EFL                    =   3.79700E+00   3.85641E+00   5.941E-02  -7.399E-01
  Mn CT S1                                                          -1.959E+01
  
  Weighted Constraints:        target        value        WTC/PTC     contrib
  @ATELIER_LATCOLOR      =   0.00000E+00   2.53861E+00   1.000E-02   6.445E+02
  @ATELIER_RMSSPOT       =   0.00000E+00   2.25090E+02   1.000E-03   5.067E+04
 RAY ERROR: MISS 16
     Derivative scaled for variable 121
 RAY ERROR: REFL  5
 RAY ERROR: REFL  7
 RAY ERROR: MISS 11
  
 CYCLE NUMBER 7:
  
  ABERR F. =        5.09603478
  CONST F. =    53698.81141554
  ERR. F.  =    53703.90745031       (change =     2388.94000522)
  
  OPD     5.74680515     4.06092479     4.97131028
  WAV     6.02191486     4.20873522     5.25449391
  
  
  
  Parameter                 Value            Change
  CUY S2                5.66522215E-01      2.07E-04
  CUY S3                4.17556145E-02      6.11E-04
  CUY S4                4.25705259E-01      9.07E-04
  CUY S5                7.03616300E-01     -2.67E-04
  CUY S6                1.82396884E-01     -5.91E-04
  CUY S7               -6.92090047E-02      4.34E-05
  CUY S8               -8.50462670E-02      1.63E-04
  CUY S9                1.20564883E-01      2.69E-04
  CUY S10               1.03898498E-01      3.80E-04
  CUY S11              -9.03487022E-02      4.59E-04
  CUY S12              -4.83371923E-01      5.06E-04
  CUY S13              -3.12759722E-01      1.73E-04
  CUY S14               4.90163342E-01      3.34E-04
  CUY S15               5.34483608E-01     -1.34E-03
  CUY S16               7.38460873E-01     -1.08E-03
  CUY S17               8.04258233E-01      6.61E-04
  A   S2                2.97014351E-03      4.16E-06
  A   S3               -1.33761643E-01     -4.53E-06
  A   S4               -1.72116881E-01      3.36E-06
  A   S5                1.17434894E-01     -3.71E-06
  A   S6               -1.50106896E-02      5.21E-06
  A   S7               -1.63698557E-02     -5.56E-06
  A   S8               -2.64701943E-03      5.62E-06
  A   S9               -1.18050810E-02     -6.06E-06
  A   S10              -3.20345968E-02      6.41E-06
  A   S11              -1.11592244E-01     -6.09E-06
  A   S12              -3.65025438E-02      5.10E-06
  A   S13              -1.88359406E-01     -4.31E-06
  A   S14              -5.80801060E-02      1.65E-05
  A   S15              -1.95530451E-02     -3.96E-06
  A   S16              -3.79893492E-01      2.96E-07
  A   S17              -2.83912835E-01     -1.86E-06
  B   S2               -2.14921707E-02      1.30E-05
  B   S3                3.65049765E-01      8.63E-06
  B   S4                4.03370633E-01      8.44E-06
  B   S5               -2.37818544E-01     -4.92E-06
  B   S6               -1.28701095E-02      6.63E-06
  B   S7               -3.79856038E-04     -6.09E-06
  B   S8               -7.71242704E-03      5.94E-06
  B   S9               -2.61992841E-02     -5.63E-06
  B   S10              -2.56649513E-02      5.72E-06
  B   S11               1.14034843E-01     -4.56E-06
  B   S12               2.47310208E-01      3.32E-06
  B   S13               2.63124729E-01     -2.19E-06
  B   S14               8.63210323E-03      5.64E-06
  B   S15               1.23676619E-02     -6.75E-07
  B   S16               1.90913306E-01      1.79E-08
  B   S17               1.67089839E-01     -1.72E-07
  C   S2                5.22040536E-02     -2.11E-06
  C   S3               -4.92802730E-01      1.30E-06
  C   S4               -5.12734285E-01     -5.61E-06
  C   S5                4.88801020E-01     -8.26E-06
  C   S6                2.91162955E-02      1.07E-05
  C   S7               -7.82290498E-06     -7.69E-06
  C   S8                1.72083545E-05      7.08E-06
  C   S9               -6.26809456E-03     -5.73E-06
  C   S10              -1.92335646E-02      5.60E-06
  C   S11              -1.05745758E-01     -3.71E-06
  C   S12              -4.23095366E-01      2.38E-06
  C   S13              -3.01951362E-01     -1.22E-06
  C   S14              -8.25669270E-02      2.88E-06
  C   S15              -2.67992372E-02     -9.23E-08
  C   S16              -5.83871811E-02     -1.51E-09
  C   S17              -7.52394975E-02     -1.33E-08
  D   S2               -6.60381858E-02     -6.73E-07
  D   S3                3.79225758E-01      5.19E-07
  D   S4                3.80904399E-01     -1.60E-06
  D   S5               -5.53209196E-01     -2.19E-05
  D   S6               -5.03851652E-02      2.47E-05
  D   S7               -8.14294248E-05     -1.16E-05
  D   S8                1.22167634E-05      9.57E-06
  D   S9               -8.88686520E-03     -6.11E-06
  D   S10               8.81961156E-03      5.69E-06
  D   S11              -1.16987405E-01     -3.06E-06
  D   S12               4.03360012E-01      1.77E-06
  D   S13               2.18024622E-01     -7.00E-07
  D   S14               5.10673299E-02      1.67E-06
  D   S15               1.11795577E-02     -8.60E-09
  D   S16               1.35338487E-02     -9.13E-10
  D   S17               2.27369517E-02     -6.22E-10
  E   S2                4.32815160E-02     -3.00E-07
  E   S3               -1.54511753E-01      2.57E-07
  E   S4               -1.55575568E-01     -7.75E-07
  E   S5                3.21627057E-01      1.01E-05
  E   S6                2.66757338E-02     -1.26E-05
  E   S7               -5.50737348E-05     -1.32E-06
  E   S8                5.14027828E-05      9.68E-06
  E   S9                1.07458939E-04     -6.40E-06
  E   S10               3.51252861E-05      5.67E-06
  E   S11               3.09205309E-01     -2.48E-06
  E   S12              -1.72009467E-01      1.33E-06
  E   S13              -8.04511477E-02     -4.04E-07
  E   S14              -1.80988917E-02      1.02E-06
  E   S15              -1.71677997E-03     -2.08E-10
  E   S16              -2.27248847E-03     -2.66E-10
  E   S17              -4.17914392E-03      4.76E-11
  F   S2               -1.16330614E-02     -1.53E-07
  F   S3                2.38956952E-02      1.40E-07
  F   S4                2.62103530E-02     -4.43E-07
  F   S5               -6.90298135E-02      4.67E-06
  F   S6               -2.17999059E-03     -5.53E-06
  F   S7               -3.15401983E-05      8.13E-06
  F   S8                2.48700697E-05     -7.25E-06
  F   S9               -2.72333133E-05     -5.00E-06
  F   S10               2.28051053E-05      4.85E-06
  F   S11              -2.05732611E-01     -1.93E-06
  F   S12               2.44638528E-02      1.01E-06
  F   S13               1.16945543E-02     -2.31E-07
  F   S14               2.91964581E-03      6.37E-07
  F   S15               8.41389296E-05      1.80E-10
  F   S16               2.30890853E-04     -6.67E-11
  F   S17               4.15020596E-04      2.18E-11
  G   S2                6.23238429E-05     -8.31E-08
  G   S3               -1.31728516E-04      8.08E-08
  G   S4                2.46623905E-04     -2.74E-07
  G   S5                2.18855082E-04      2.80E-06
  G   S6               -3.12849918E-04     -3.42E-06
  G   S7               -2.49396456E-05      4.43E-06
  G   S8                2.16171885E-05     -5.06E-06
  G   S9               -1.38075962E-05     -8.66E-07
  G   S10               1.40418300E-05      2.59E-06
  G   S11               4.51454071E-02     -1.43E-06
  G   S12               6.19754282E-06      7.67E-07
  G   S13               1.03763452E-07     -1.30E-07
  G   S14               3.82110053E-07      3.94E-07
  G   S15              -3.83470232E-08      7.24E-11
  G   S16              -1.03332077E-05     -1.60E-11
  G   S17              -1.69715376E-05      4.93E-12
  THI S1               -1.37839226E-01      1.98E-02
  THI S3                8.21159866E-02      1.91E-04
  THI S5                2.76624902E-01     -1.78E-03
  THI S7                3.73078405E-02      2.27E-04
  THI S9                7.06876537E-02     -6.84E-04
  THI S11               2.36258779E-01      2.36E-04
  THI S13               7.02508504E-03     -1.79E-04
  THI S15               2.01511085E-01     -2.60E-04
  THI S17               4.33397513E-01      5.79E-05
  THI S19               1.76397513E-01      5.79E-05
  
        EFL          REDU         PIM          OAL         EN PUP       EX PUP
      3.848883     0.000000     0.298042     4.428090     0.000000    -2.426803
  
  Active Constraints -   2:    target        value         diff        cost
  EFL                    =   3.79700E+00   3.84888E+00   5.188E-02  -6.233E+01
  Mn CT S1                                                          -4.082E+02
  
  Weighted Constraints:        target        value        WTC/PTC     contrib
  @ATELIER_LATCOLOR      =   0.00000E+00   2.55966E+00   1.000E-02   6.552E+02
  @ATELIER_RMSSPOT       =   0.00000E+00   2.30312E+02   1.000E-03   5.304E+04
 RAY ERROR: MISS 14
 RAY ERROR: MISS 13
 RAY ERROR: MISS 14
 RAY ERROR: MISS 14
 RAY ERROR: MISS 14
 RAY ERROR: MISS 14
 RAY ERROR: MISS 11
 RAY ERROR: MISS 11
 RAY ERROR: MISS 13
 RAY ERROR: MISS 13
 RAY ERROR: REFL 13
 RAY ERROR: MISS 14
 RAY ERROR: MISS 14
  
 CYCLE NUMBER 8:
  
  ABERR F. =        5.12938179
  CONST F. =    53679.52085085
  ERR. F.  =    53684.65023264       (change =      -19.25721768)
  
  OPD     5.78738008     4.05895839     5.01617034
  WAV     6.06826572     4.21785653     5.30266973
  
  
  
  Parameter                 Value            Change
  CUY S2                5.66518045E-01     -4.17E-06
  CUY S3                4.17053526E-02     -5.03E-05
  CUY S4                4.25481445E-01     -2.24E-04
  CUY S5                7.03410721E-01     -2.06E-04
  CUY S6                1.82377240E-01     -1.96E-05
  CUY S7               -6.90959042E-02      1.13E-04
  CUY S8               -8.49197488E-02      1.27E-04
  CUY S9                1.20633260E-01      6.84E-05
  CUY S10               1.03965954E-01      6.75E-05
  CUY S11              -9.03232855E-02      2.54E-05
  CUY S12              -4.83340477E-01      3.14E-05
  CUY S13              -3.12663213E-01      9.65E-05
  CUY S14               4.90386359E-01      2.23E-04
  CUY S15               5.34476862E-01     -6.75E-06
  CUY S16               7.38630548E-01      1.70E-04
  CUY S17               8.04892125E-01      6.34E-04
  A   S2                2.96115433E-03     -8.99E-06
  A   S3               -1.33758579E-01      3.06E-06
  A   S4               -1.72123756E-01     -6.87E-06
  A   S5                1.17478098E-01      4.32E-05
  A   S6               -1.50617124E-02     -5.10E-05
  A   S7               -1.63194576E-02      5.04E-05
  A   S8               -2.69771488E-03     -5.07E-05
  A   S9               -1.17698911E-02      3.52E-05
  A   S10              -3.20672640E-02     -3.27E-05
  A   S11              -1.11533464E-01      5.88E-05
  A   S12              -3.65073052E-02     -4.76E-06
  A   S13              -1.88366853E-01     -7.45E-06
  A   S14              -5.79304412E-02      1.50E-04
  A   S15              -1.95603606E-02     -7.32E-06
  A   S16              -3.79892674E-01      8.18E-07
  A   S17              -2.83916788E-01     -3.95E-06
  B   S2               -2.14933403E-02     -1.17E-06
  B   S3                3.65049775E-01      1.07E-08
  B   S4                4.03368407E-01     -2.23E-06
  B   S5               -2.37809039E-01      9.51E-06
  B   S6               -1.28828740E-02     -1.28E-05
  B   S7               -3.67682140E-04      1.22E-05
  B   S8               -7.72458687E-03     -1.22E-05
  B   S9               -2.61888589E-02      1.04E-05
  B   S10              -2.56758803E-02     -1.09E-05
  B   S11               1.14051287E-01      1.64E-05
  B   S12               2.47301543E-01     -8.67E-06
  B   S13               2.63122153E-01     -2.58E-06
  B   S14               8.70607780E-03      7.40E-05
  B   S15               1.23663229E-02     -1.34E-06
  B   S16               1.90913393E-01      8.74E-08
  B   S17               1.67089439E-01     -4.01E-07
  C   S2                5.22009184E-02     -3.14E-06
  C   S3               -4.92800829E-01      1.90E-06
  C   S4               -5.12744261E-01     -9.98E-06
  C   S5                4.88805146E-01      4.13E-06
  C   S6                2.91104670E-02     -5.83E-06
  C   S7               -2.46766444E-06      5.36E-06
  C   S8                1.19370418E-05     -5.27E-06
  C   S9               -6.26340787E-03      4.69E-06
  C   S10              -1.92385840E-02     -5.02E-06
  C   S11              -1.05738963E-01      6.79E-06
  C   S12              -4.23102153E-01     -6.79E-06
  C   S13              -3.01952287E-01     -9.25E-07
  C   S14              -8.25376750E-02      2.93E-05
  C   S15              -2.67994502E-02     -2.13E-07
  C   S16              -5.83871267E-02      5.44E-08
  C   S17              -7.52395361E-02     -3.86E-08
  D   S2               -6.60391797E-02     -9.94E-07
  D   S3                3.79226539E-01      7.80E-07
  D   S4                3.80901934E-01     -2.47E-06
  D   S5               -5.53207033E-01      2.16E-06
  D   S6               -5.03872698E-02     -2.10E-06
  D   S7               -7.88152696E-05      2.61E-06
  D   S8                9.67762523E-06     -2.54E-06
  D   S9               -8.88450633E-03      2.36E-06
  D   S10               8.81705672E-03     -2.55E-06
  D   S11              -1.16984130E-01      3.28E-06
  D   S12               4.03355550E-01     -4.46E-06
  D   S13               2.18024351E-01     -2.71E-07
  D   S14               5.10798816E-02      1.26E-05
  D   S15               1.11795299E-02     -2.78E-08
  D   S16               1.35338607E-02      1.20E-08
  D   S17               2.27369483E-02     -3.42E-09
  E   S2                4.32810644E-02     -4.52E-07
  E   S3               -1.54511362E-01      3.92E-07
  E   S4               -1.55576778E-01     -1.21E-06
  E   S5                3.21626923E-01     -1.34E-07
  E   S6                2.66759126E-02      1.79E-07
  E   S7               -5.36720077E-05      1.40E-06
  E   S8                5.01293654E-05     -1.27E-06
  E   S9                1.08670057E-04      1.21E-06
  E   S10               3.37904068E-05     -1.33E-06
  E   S11               3.09206994E-01      1.68E-06
  E   S12              -1.72012242E-01     -2.77E-06
  E   S13              -8.04510956E-02      5.21E-08
  E   S14              -1.80932778E-02      5.61E-06
  E   S15              -1.71678322E-03     -3.26E-09
  E   S16              -2.27248573E-03      2.74E-09
  E   S17              -4.17914579E-03     -1.87E-09
  F   S2               -1.16332936E-02     -2.32E-07
  F   S3                2.38959101E-02      2.15E-07
  F   S4                2.62096553E-02     -6.98E-07
  F   S5               -6.90298657E-02     -5.22E-08
  F   S6               -2.17994285E-03      4.77E-08
  F   S7               -3.16135462E-05     -7.33E-08
  F   S8                2.49347204E-05      6.47E-08
  F   S9               -2.65296811E-05      7.04E-07
  F   S10               2.22640731E-05     -5.41E-07
  F   S11              -2.05731718E-01      8.93E-07
  F   S12               2.44621724E-02     -1.68E-06
  F   S13               1.16947965E-02      2.42E-07
  F   S14               2.92221779E-03      2.57E-06
  F   S15               8.41356141E-05     -3.32E-09
  F   S16               2.30891474E-04      6.21E-10
  F   S17               4.15020289E-04     -3.07E-10
  G   S2                6.21966168E-05     -1.27E-07
  G   S3               -1.31604822E-04      1.24E-07
  G   S4                2.46189621E-04     -4.34E-07
  G   S5                2.23489668E-04      4.63E-06
  G   S6               -3.18524279E-04     -5.67E-06
  G   S7               -2.49968986E-05     -5.73E-08
  G   S8                2.16674143E-05      5.02E-08
  G   S9               -1.34206855E-05      3.87E-07
  G   S10               1.36134071E-05     -4.28E-07
  G   S11               4.51458891E-02      4.82E-07
  G   S12               5.20155159E-06     -9.96E-07
  G   S13               3.87660784E-07      2.84E-07
  G   S14               3.79075148E-07     -3.03E-09
  G   S15              -3.91464750E-08     -7.99E-10
  G   S16              -1.03330702E-05      1.38E-10
  G   S17              -1.69715891E-05     -5.15E-11
  THI S1               -1.37805330E-01      3.39E-05
  THI S3                8.21859315E-02      6.99E-05
  THI S5                2.76368495E-01     -2.56E-04
  THI S7                3.73489398E-02      4.11E-05
  THI S9                7.05707634E-02     -1.17E-04
  THI S11               2.36309451E-01      5.07E-05
  THI S13               7.11825391E-03      9.32E-05
  THI S15               2.01591406E-01      8.03E-05
  THI S17               4.33506972E-01      1.09E-04
  THI S19               1.76506972E-01      1.09E-04
  
        EFL          REDU         PIM          OAL         EN PUP       EX PUP
      3.848871     0.000000     0.297797     4.428195     0.000000    -2.426169
  
  Active Constraints -   2:    target        value         diff        cost
  EFL                    =   3.79700E+00   3.84887E+00   5.187E-02  -2.962E-02
  Mn CT S1                                                          -6.453E-01
  
  Weighted Constraints:        target        value        WTC/PTC     contrib
  @ATELIER_LATCOLOR      =   0.00000E+00   2.57541E+00   1.000E-02   6.633E+02
  @ATELIER_RMSSPOT       =   0.00000E+00   2.30253E+02   1.000E-03   5.302E+04
  
     Normal AUTO Completion - System improvement less than IMP
AUT> GO
 
 
CODE V> BUF PUT B1 I^row J1 "schema"
      Created new worksheet B1.
CODE V> BUF PUT B1 I^row J2 "atelier-codev-target-v1"
CODE V> BUF PUT B1 I^row J1 "status"
CODE V> BUF PUT B1 I^row J2 "ok"
CODE V> BUF PUT B1 I^row J1 "mode"
CODE V> BUF PUT B1 I^row J2 "target"
CODE V> BUF PUT B1 I^row J1 "stage"
CODE V> BUF PUT B1 I^row J2 "A"
CODE V> BUF PUT B1 I^row J1 "source_zmx"
CODE V> BUF PUT B1 I^row J2 "US20170045714A1.zmx"
CODE V> BUF PUT B1 I^row J1 "num_fields"
CODE V> BUF PUT B1 I^row J2 ^numf_out
CODE V> BUF PUT B1 I^row J1 "vignetting_edge"
CODE V> BUF PUT B1 I^row J2 0.2
CODE V> BUF PUT B1 I^row J1 "target.efl_mm"
CODE V> BUF PUT B1 I^row J2 ^target_efl
CODE V> BUF PUT B1 I^row J1 "seed_baseline.efl_y_mm"
CODE V> BUF PUT B1 I^row J2 ^seed_baseline_efl_y_mm
CODE V> BUF PUT B1 I^row J1 "seed_baseline.max_lateral_color_um"
CODE V> BUF PUT B1 I^row J2 ^seed_baseline_max_lateral_color_um
CODE V> BUF PUT B1 I^row J1 "seed_baseline.max_rms_spot_diameter_um"
CODE V> BUF PUT B1 I^row J2 ^seed_baseline_max_rms_spot_diameter_um
CODE V> BUF PUT B1 I^row J1 "seed_baseline.max_rms_wavefront_error_waves"
CODE V> BUF PUT B1 I^row J2 ^seed_baseline_max_rms_wavefront_error_waves
CODE V> BUF PUT B1 I^row J1 "seed_baseline.max_distortion_pct"
CODE V> BUF PUT B1 I^row J2 ^seed_baseline_max_distortion_pct
CODE V> BUF PUT B1 I^row J1 "seed_baseline.fno"
CODE V> BUF PUT B1 I^row J2 ^seed_baseline_fno
CODE V> BUF PUT B1 I^row J1 "seed_baseline.epd"
CODE V> BUF PUT B1 I^row J2 ^seed_baseline_epd
CODE V> BUF PUT B1 I^row J1 "seed_baseline.maximh_mm"
CODE V> BUF PUT B1 I^row J2 ^seed_baseline_maximh
CODE V> BUF PUT B1 I^row J1 "config_pre_aut.efl_y_mm"
CODE V> BUF PUT B1 I^row J2 ^config_pre_aut_efl_y_mm
CODE V> BUF PUT B1 I^row J1 "config_pre_aut.max_lateral_color_um"
CODE V> BUF PUT B1 I^row J2 ^config_pre_aut_max_lateral_color_um
CODE V> BUF PUT B1 I^row J1 "config_pre_aut.max_rms_spot_diameter_um"
CODE V> BUF PUT B1 I^row J2 ^config_pre_aut_max_rms_spot_diameter_um
CODE V> BUF PUT B1 I^row J1 "config_pre_aut.max_rms_wavefront_error_waves"
CODE V> BUF PUT B1 I^row J2 ^config_pre_aut_max_rms_wavefront_error_waves
CODE V> BUF PUT B1 I^row J1 "config_pre_aut.max_distortion_pct"
CODE V> BUF PUT B1 I^row J2 ^config_pre_aut_max_distortion_pct
CODE V> BUF PUT B1 I^row J1 "config_pre_aut.fno"
CODE V> BUF PUT B1 I^row J2 ^config_pre_aut_fno
CODE V> BUF PUT B1 I^row J1 "config_pre_aut.epd"
CODE V> BUF PUT B1 I^row J2 ^config_pre_aut_epd
CODE V> BUF PUT B1 I^row J1 "config_pre_aut.maximh_mm"
CODE V> BUF PUT B1 I^row J2 ^config_pre_aut_maximh
CODE V> BUF PUT B1 I^row J1 "post_aut.efl_y_mm"
CODE V> BUF PUT B1 I^row J2 ^post_aut_efl_y_mm
CODE V> BUF PUT B1 I^row J1 "post_aut.max_lateral_color_um"
CODE V> BUF PUT B1 I^row J2 ^post_aut_max_lateral_color_um
CODE V> BUF PUT B1 I^row J1 "post_aut.max_rms_spot_diameter_um"
CODE V> BUF PUT B1 I^row J2 ^post_aut_max_rms_spot_diameter_um
CODE V> BUF PUT B1 I^row J1 "post_aut.max_rms_wavefront_error_waves"
CODE V> BUF PUT B1 I^row J2 ^post_aut_max_rms_wavefront_error_waves
CODE V> BUF PUT B1 I^row J1 "post_aut.max_distortion_pct"
CODE V> BUF PUT B1 I^row J2 ^post_aut_max_distortion_pct
CODE V> BUF PUT B1 I^row J1 "post_aut.fno"
CODE V> BUF PUT B1 I^row J2 ^post_aut_fno
CODE V> BUF PUT B1 I^row J1 "post_aut.epd"
CODE V> BUF PUT B1 I^row J2 ^post_aut_epd
CODE V> BUF PUT B1 I^row J1 "post_aut.maximh_mm"
CODE V> BUF PUT B1 I^row J2 ^post_aut_maximh
CODE V> BUF PUT B1 I^row J1 "efl_target_deviation_pct"
CODE V> BUF PUT B1 I^row J2 ^efl_target_dev_pct
CODE V> BUF PUT B1 I^row J1 "aut_converged"
CODE V> BUF PUT B1 I^row J2 ^aut_converged
CODE V> BUF EXP B1 "D:\atelier-opt3\.planning\loop\candidates-2026-07-09\US20170045714A1\asphere\atelier_codev_target_A.tsv"
     Buffer B1 exported to file atelier_codev_target_A.tsv
CODE V> BUF DEL B1
CODE V> BUF PUT B1 I^row J1 "schema"
      Created new worksheet B1.
CODE V> BUF PUT B1 I^row J2 "atelier-codev-readout-v1"
CODE V> BUF PUT B1 I^row J1 "status"
CODE V> BUF PUT B1 I^row J2 "ok"
CODE V> BUF PUT B1 I^row J1 "source_zmx"
CODE V> BUF PUT B1 I^row J2 "US20170045714A1.zmx"
CODE V> BUF PUT B1 I^row J1 "units"
CODE V> BUF PUT B1 I^row J2 ^units
CODE V> BUF PUT B1 I^row J1 "aperture_type"
CODE V> BUF PUT B1 I^row J2 ^apetype
CODE V> BUF PUT B1 I^row J1 "f_number"
CODE V> BUF PUT B1 I^row J2 ABSF((FNO))
CODE V> BUF PUT B1 I^row J1 "entrance_pupil_diameter_mm"
CODE V> BUF PUT B1 I^row J2 ABSF((EPD))
CODE V> BUF PUT B1 I^row J1 "num_surfaces"
CODE V> BUF PUT B1 I^row J2 ^numsur
CODE V> BUF PUT B1 I^row J1 "num_fields"
CODE V> BUF PUT B1 I^row J2 ^numfld
CODE V> BUF PUT B1 I^row J1 "num_wavelengths"
CODE V> BUF PUT B1 I^row J2 ^numwav
CODE V> BUF PUT B1 I^row J1 "num_zooms"
CODE V> BUF PUT B1 I^row J2 ^numz
CODE V> BUF PUT B1 I^row J1 "stop_surface"
CODE V> BUF PUT B1 I^row J2 ^stop
CODE V> BUF PUT B1 I^row J1 "field_type"
CODE V> BUF PUT B1 I^row J2 ^field_type
CODE V> BUF PUT B1 I^row J1 "reference_wavelength_index"
CODE V> BUF PUT B1 I^row J2 ^refw
CODE V> BUF PUT B1 I^row J1 "image_height_y_mm"
CODE V> BUF PUT B1 I^row J2 ^maximh
CODE V>   BUF PUT B1 I^row J1 ^key
CODE V>   BUF PUT B1 I^row J2 (RDY S^s)
CODE V>   BUF PUT B1 I^row J1 ^key
CODE V>   BUF PUT B1 I^row J2 (THI S^s)
CODE V>   BUF PUT B1 I^row J1 ^key
CODE V>   BUF PUT B1 I^row J2 ^semi_diameter_mm
CODE V>   BUF PUT B1 I^row J1 ^key
CODE V>   BUF PUT B1 I^row J2 ^glass
CODE V>   BUF PUT B1 I^row J1 ^key
CODE V>   BUF PUT B1 I^row J2 ^nd
CODE V>   BUF PUT B1 I^row J1 ^key
CODE V>   BUF PUT B1 I^row J2 ^vd
CODE V>   BUF PUT B1 I^row J1 ^key
CODE V>   BUF PUT B1 I^row J2 ^surf_type
CODE V>   BUF PUT B1 I^row J1 ^key
CODE V>   BUF PUT B1 I^row J2 ^isstop
CODE V>   BUF PUT B1 I^row J1 ^key
CODE V>   BUF PUT B1 I^row J2 ^coefK
CODE V>   BUF PUT B1 I^row J1 ^key
CODE V>   BUF PUT B1 I^row J2 ^coefA
CODE V>   BUF PUT B1 I^row J1 ^key
CODE V>   BUF PUT B1 I^row J2 ^coefB
CODE V>   BUF PUT B1 I^row J1 ^key
CODE V>   BUF PUT B1 I^row J2 ^coefC
CODE V>   BUF PUT B1 I^row J1 ^key
CODE V>   BUF PUT B1 I^row J2 ^coefD
CODE V>   BUF PUT B1 I^row J1 ^key
CODE V>   BUF PUT B1 I^row J2 ^coefE
CODE V>   BUF PUT B1 I^row J1 ^key
CODE V>   BUF PUT B1 I^row J2 ^coefF
CODE V>   BUF PUT B1 I^row J1 ^key
CODE V>   BUF PUT B1 I^row J2 ^coefG
CODE V>   BUF PUT B1 I^row J1 ^key
CODE V>   BUF PUT B1 I^row J2 ^coefH
CODE V>   BUF PUT B1 I^row J1 ^key
CODE V>   BUF PUT B1 I^row J2 ^coefJ
CODE V>   BUF PUT B1 I^row J1 ^key
CODE V>   BUF PUT B1 I^row J2 (RDY S^s)
CODE V>   BUF PUT B1 I^row J1 ^key
CODE V>   BUF PUT B1 I^row J2 (THI S^s)
CODE V>   BUF PUT B1 I^row J1 ^key
CODE V>   BUF PUT B1 I^row J2 ^semi_diameter_mm
CODE V>   BUF PUT B1 I^row J1 ^key
CODE V>   BUF PUT B1 I^row J2 ^glass
CODE V>   BUF PUT B1 I^row J1 ^key
CODE V>   BUF PUT B1 I^row J2 ^nd
CODE V>   BUF PUT B1 I^row J1 ^key
CODE V>   BUF PUT B1 I^row J2 ^vd
CODE V>   BUF PUT B1 I^row J1 ^key
CODE V>   BUF PUT B1 I^row J2 ^surf_type
CODE V>   BUF PUT B1 I^row J1 ^key
CODE V>   BUF PUT B1 I^row J2 ^isstop
CODE V>   BUF PUT B1 I^row J1 ^key
CODE V>   BUF PUT B1 I^row J2 ^coefK
CODE V>   BUF PUT B1 I^row J1 ^key
CODE V>   BUF PUT B1 I^row J2 ^coefA
CODE V>   BUF PUT B1 I^row J1 ^key
CODE V>   BUF PUT B1 I^row J2 ^coefB
CODE V>   BUF PUT B1 I^row J1 ^key
CODE V>   BUF PUT B1 I^row J2 ^coefC
CODE V>   BUF PUT B1 I^row J1 ^key
CODE V>   BUF PUT B1 I^row J2 ^coefD
CODE V>   BUF PUT B1 I^row J1 ^key
CODE V>   BUF PUT B1 I^row J2 ^coefE
CODE V>   BUF PUT B1 I^row J1 ^key
CODE V>   BUF PUT B1 I^row J2 ^coefF
CODE V>   BUF PUT B1 I^row J1 ^key
CODE V>   BUF PUT B1 I^row J2 ^coefG
CODE V>   BUF PUT B1 I^row J1 ^key
CODE V>   BUF PUT B1 I^row J2 ^coefH
CODE V>   BUF PUT B1 I^row J1 ^key
CODE V>   BUF PUT B1 I^row J2 ^coefJ
CODE V>   BUF PUT B1 I^row J1 ^key
CODE V>   BUF PUT B1 I^row J2 (RDY S^s)
CODE V>   BUF PUT B1 I^row J1 ^key
CODE V>   BUF PUT B1 I^row J2 (THI S^s)
CODE V>   BUF PUT B1 I^row J1 ^key
CODE V>   BUF PUT B1 I^row J2 ^semi_diameter_mm
CODE V>   BUF PUT B1 I^row J1 ^key
CODE V>   BUF PUT B1 I^row J2 ^glass
CODE V>   BUF PUT B1 I^row J1 ^key
CODE V>   BUF PUT B1 I^row J2 ^nd
CODE V>   BUF PUT B1 I^row J1 ^key
CODE V>   BUF PUT B1 I^row J2 ^vd
CODE V>   BUF PUT B1 I^row J1 ^key
CODE V>   BUF PUT B1 I^row J2 ^surf_type
CODE V>   BUF PUT B1 I^row J1 ^key
CODE V>   BUF PUT B1 I^row J2 ^isstop
CODE V>   BUF PUT B1 I^row J1 ^key
CODE V>   BUF PUT B1 I^row J2 ^coefK
CODE V>   BUF PUT B1 I^row J1 ^key
CODE V>   BUF PUT B1 I^row J2 ^coefA
CODE V>   BUF PUT B1 I^row J1 ^key
CODE V>   BUF PUT B1 I^row J2 ^coefB
CODE V>   BUF PUT B1 I^row J1 ^key
CODE V>   BUF PUT B1 I^row J2 ^coefC
CODE V>   BUF PUT B1 I^row J1 ^key
CODE V>   BUF PUT B1 I^row J2 ^coefD
CODE V>   BUF PUT B1 I^row J1 ^key
CODE V>   BUF PUT B1 I^row J2 ^coefE
CODE V>   BUF PUT B1 I^row J1 ^key
CODE V>   BUF PUT B1 I^row J2 ^coefF
CODE V>   BUF PUT B1 I^row J1 ^key
CODE V>   BUF PUT B1 I^row J2 ^coefG
CODE V>   BUF PUT B1 I^row J1 ^key
CODE V>   BUF PUT B1 I^row J2 ^coefH
CODE V>   BUF PUT B1 I^row J1 ^key
CODE V>   BUF PUT B1 I^row J2 ^coefJ
CODE V>   BUF PUT B1 I^row J1 ^key
CODE V>   BUF PUT B1 I^row J2 (RDY S^s)
CODE V>   BUF PUT B1 I^row J1 ^key
CODE V>   BUF PUT B1 I^row J2 (THI S^s)
CODE V>   BUF PUT B1 I^row J1 ^key
CODE V>   BUF PUT B1 I^row J2 ^semi_diameter_mm
CODE V>   BUF PUT B1 I^row J1 ^key
CODE V>   BUF PUT B1 I^row J2 ^glass
CODE V>   BUF PUT B1 I^row J1 ^key
CODE V>   BUF PUT B1 I^row J2 ^nd
CODE V>   BUF PUT B1 I^row J1 ^key
CODE V>   BUF PUT B1 I^row J2 ^vd
CODE V>   BUF PUT B1 I^row J1 ^key
CODE V>   BUF PUT B1 I^row J2 ^surf_type
CODE V>   BUF PUT B1 I^row J1 ^key
CODE V>   BUF PUT B1 I^row J2 ^isstop
CODE V>   BUF PUT B1 I^row J1 ^key
CODE V>   BUF PUT B1 I^row J2 ^coefK
CODE V>   BUF PUT B1 I^row J1 ^key
CODE V>   BUF PUT B1 I^row J2 ^coefA
CODE V>   BUF PUT B1 I^row J1 ^key
CODE V>   BUF PUT B1 I^row J2 ^coefB
CODE V>   BUF PUT B1 I^row J1 ^key
CODE V>   BUF PUT B1 I^row J2 ^coefC
CODE V>   BUF PUT B1 I^row J1 ^key
CODE V>   BUF PUT B1 I^row J2 ^coefD
CODE V>   BUF PUT B1 I^row J1 ^key
CODE V>   BUF PUT B1 I^row J2 ^coefE
CODE V>   BUF PUT B1 I^row J1 ^key
CODE V>   BUF PUT B1 I^row J2 ^coefF
CODE V>   BUF PUT B1 I^row J1 ^key
CODE V>   BUF PUT B1 I^row J2 ^coefG
CODE V>   BUF PUT B1 I^row J1 ^key
CODE V>   BUF PUT B1 I^row J2 ^coefH
CODE V>   BUF PUT B1 I^row J1 ^key
CODE V>   BUF PUT B1 I^row J2 ^coefJ
CODE V>   BUF PUT B1 I^row J1 ^key
CODE V>   BUF PUT B1 I^row J2 (RDY S^s)
CODE V>   BUF PUT B1 I^row J1 ^key
CODE V>   BUF PUT B1 I^row J2 (THI S^s)
CODE V>   BUF PUT B1 I^row J1 ^key
CODE V>   BUF PUT B1 I^row J2 ^semi_diameter_mm
CODE V>   BUF PUT B1 I^row J1 ^key
CODE V>   BUF PUT B1 I^row J2 ^glass
CODE V>   BUF PUT B1 I^row J1 ^key
CODE V>   BUF PUT B1 I^row J2 ^nd
CODE V>   BUF PUT B1 I^row J1 ^key
CODE V>   BUF PUT B1 I^row J2 ^vd
CODE V>   BUF PUT B1 I^row J1 ^key
CODE V>   BUF PUT B1 I^row J2 ^surf_type
CODE V>   BUF PUT B1 I^row J1 ^key
CODE V>   BUF PUT B1 I^row J2 ^isstop
CODE V>   BUF PUT B1 I^row J1 ^key
CODE V>   BUF PUT B1 I^row J2 ^coefK
CODE V>   BUF PUT B1 I^row J1 ^key
CODE V>   BUF PUT B1 I^row J2 ^coefA
CODE V>   BUF PUT B1 I^row J1 ^key
CODE V>   BUF PUT B1 I^row J2 ^coefB
CODE V>   BUF PUT B1 I^row J1 ^key
CODE V>   BUF PUT B1 I^row J2 ^coefC
CODE V>   BUF PUT B1 I^row J1 ^key
CODE V>   BUF PUT B1 I^row J2 ^coefD
CODE V>   BUF PUT B1 I^row J1 ^key
CODE V>   BUF PUT B1 I^row J2 ^coefE
CODE V>   BUF PUT B1 I^row J1 ^key
CODE V>   BUF PUT B1 I^row J2 ^coefF
CODE V>   BUF PUT B1 I^row J1 ^key
CODE V>   BUF PUT B1 I^row J2 ^coefG
CODE V>   BUF PUT B1 I^row J1 ^key
CODE V>   BUF PUT B1 I^row J2 ^coefH
CODE V>   BUF PUT B1 I^row J1 ^key
CODE V>   BUF PUT B1 I^row J2 ^coefJ
CODE V>   BUF PUT B1 I^row J1 ^key
CODE V>   BUF PUT B1 I^row J2 (RDY S^s)
CODE V>   BUF PUT B1 I^row J1 ^key
CODE V>   BUF PUT B1 I^row J2 (THI S^s)
CODE V>   BUF PUT B1 I^row J1 ^key
CODE V>   BUF PUT B1 I^row J2 ^semi_diameter_mm
CODE V>   BUF PUT B1 I^row J1 ^key
CODE V>   BUF PUT B1 I^row J2 ^glass
CODE V>   BUF PUT B1 I^row J1 ^key
CODE V>   BUF PUT B1 I^row J2 ^nd
CODE V>   BUF PUT B1 I^row J1 ^key
CODE V>   BUF PUT B1 I^row J2 ^vd
CODE V>   BUF PUT B1 I^row J1 ^key
CODE V>   BUF PUT B1 I^row J2 ^surf_type
CODE V>   BUF PUT B1 I^row J1 ^key
CODE V>   BUF PUT B1 I^row J2 ^isstop
CODE V>   BUF PUT B1 I^row J1 ^key
CODE V>   BUF PUT B1 I^row J2 ^coefK
CODE V>   BUF PUT B1 I^row J1 ^key
CODE V>   BUF PUT B1 I^row J2 ^coefA
CODE V>   BUF PUT B1 I^row J1 ^key
CODE V>   BUF PUT B1 I^row J2 ^coefB
CODE V>   BUF PUT B1 I^row J1 ^key
CODE V>   BUF PUT B1 I^row J2 ^coefC
CODE V>   BUF PUT B1 I^row J1 ^key
CODE V>   BUF PUT B1 I^row J2 ^coefD
CODE V>   BUF PUT B1 I^row J1 ^key
CODE V>   BUF PUT B1 I^row J2 ^coefE
CODE V>   BUF PUT B1 I^row J1 ^key
CODE V>   BUF PUT B1 I^row J2 ^coefF
CODE V>   BUF PUT B1 I^row J1 ^key
CODE V>   BUF PUT B1 I^row J2 ^coefG
CODE V>   BUF PUT B1 I^row J1 ^key
CODE V>   BUF PUT B1 I^row J2 ^coefH
CODE V>   BUF PUT B1 I^row J1 ^key
CODE V>   BUF PUT B1 I^row J2 ^coefJ
CODE V>   BUF PUT B1 I^row J1 ^key
CODE V>   BUF PUT B1 I^row J2 (RDY S^s)
CODE V>   BUF PUT B1 I^row J1 ^key
CODE V>   BUF PUT B1 I^row J2 (THI S^s)
CODE V>   BUF PUT B1 I^row J1 ^key
CODE V>   BUF PUT B1 I^row J2 ^semi_diameter_mm
CODE V>   BUF PUT B1 I^row J1 ^key
CODE V>   BUF PUT B1 I^row J2 ^glass
CODE V>   BUF PUT B1 I^row J1 ^key
CODE V>   BUF PUT B1 I^row J2 ^nd
CODE V>   BUF PUT B1 I^row J1 ^key
CODE V>   BUF PUT B1 I^row J2 ^vd
CODE V>   BUF PUT B1 I^row J1 ^key
CODE V>   BUF PUT B1 I^row J2 ^surf_type
CODE V>   BUF PUT B1 I^row J1 ^key
CODE V>   BUF PUT B1 I^row J2 ^isstop
CODE V>   BUF PUT B1 I^row J1 ^key
CODE V>   BUF PUT B1 I^row J2 ^coefK
CODE V>   BUF PUT B1 I^row J1 ^key
CODE V>   BUF PUT B1 I^row J2 ^coefA
CODE V>   BUF PUT B1 I^row J1 ^key
CODE V>   BUF PUT B1 I^row J2 ^coefB
CODE V>   BUF PUT B1 I^row J1 ^key
CODE V>   BUF PUT B1 I^row J2 ^coefC
CODE V>   BUF PUT B1 I^row J1 ^key
CODE V>   BUF PUT B1 I^row J2 ^coefD
CODE V>   BUF PUT B1 I^row J1 ^key
CODE V>   BUF PUT B1 I^row J2 ^coefE
CODE V>   BUF PUT B1 I^row J1 ^key
CODE V>   BUF PUT B1 I^row J2 ^coefF
CODE V>   BUF PUT B1 I^row J1 ^key
CODE V>   BUF PUT B1 I^row J2 ^coefG
CODE V>   BUF PUT B1 I^row J1 ^key
CODE V>   BUF PUT B1 I^row J2 ^coefH
CODE V>   BUF PUT B1 I^row J1 ^key
CODE V>   BUF PUT B1 I^row J2 ^coefJ
CODE V>   BUF PUT B1 I^row J1 ^key
CODE V>   BUF PUT B1 I^row J2 (RDY S^s)
CODE V>   BUF PUT B1 I^row J1 ^key
CODE V>   BUF PUT B1 I^row J2 (THI S^s)
CODE V>   BUF PUT B1 I^row J1 ^key
CODE V>   BUF PUT B1 I^row J2 ^semi_diameter_mm
CODE V>   BUF PUT B1 I^row J1 ^key
CODE V>   BUF PUT B1 I^row J2 ^glass
CODE V>   BUF PUT B1 I^row J1 ^key
CODE V>   BUF PUT B1 I^row J2 ^nd
CODE V>   BUF PUT B1 I^row J1 ^key
CODE V>   BUF PUT B1 I^row J2 ^vd
CODE V>   BUF PUT B1 I^row J1 ^key
CODE V>   BUF PUT B1 I^row J2 ^surf_type
CODE V>   BUF PUT B1 I^row J1 ^key
CODE V>   BUF PUT B1 I^row J2 ^isstop
CODE V>   BUF PUT B1 I^row J1 ^key
CODE V>   BUF PUT B1 I^row J2 ^coefK
CODE V>   BUF PUT B1 I^row J1 ^key
CODE V>   BUF PUT B1 I^row J2 ^coefA
CODE V>   BUF PUT B1 I^row J1 ^key
CODE V>   BUF PUT B1 I^row J2 ^coefB
CODE V>   BUF PUT B1 I^row J1 ^key
CODE V>   BUF PUT B1 I^row J2 ^coefC
CODE V>   BUF PUT B1 I^row J1 ^key
CODE V>   BUF PUT B1 I^row J2 ^coefD
CODE V>   BUF PUT B1 I^row J1 ^key
CODE V>   BUF PUT B1 I^row J2 ^coefE
CODE V>   BUF PUT B1 I^row J1 ^key
CODE V>   BUF PUT B1 I^row J2 ^coefF
CODE V>   BUF PUT B1 I^row J1 ^key
CODE V>   BUF PUT B1 I^row J2 ^coefG
CODE V>   BUF PUT B1 I^row J1 ^key
CODE V>   BUF PUT B1 I^row J2 ^coefH
CODE V>   BUF PUT B1 I^row J1 ^key
CODE V>   BUF PUT B1 I^row J2 ^coefJ
CODE V>   BUF PUT B1 I^row J1 ^key
CODE V>   BUF PUT B1 I^row J2 (RDY S^s)
CODE V>   BUF PUT B1 I^row J1 ^key
CODE V>   BUF PUT B1 I^row J2 (THI S^s)
CODE V>   BUF PUT B1 I^row J1 ^key
CODE V>   BUF PUT B1 I^row J2 ^semi_diameter_mm
CODE V>   BUF PUT B1 I^row J1 ^key
CODE V>   BUF PUT B1 I^row J2 ^glass
CODE V>   BUF PUT B1 I^row J1 ^key
CODE V>   BUF PUT B1 I^row J2 ^nd
CODE V>   BUF PUT B1 I^row J1 ^key
CODE V>   BUF PUT B1 I^row J2 ^vd
CODE V>   BUF PUT B1 I^row J1 ^key
CODE V>   BUF PUT B1 I^row J2 ^surf_type
CODE V>   BUF PUT B1 I^row J1 ^key
CODE V>   BUF PUT B1 I^row J2 ^isstop
CODE V>   BUF PUT B1 I^row J1 ^key
CODE V>   BUF PUT B1 I^row J2 ^coefK
CODE V>   BUF PUT B1 I^row J1 ^key
CODE V>   BUF PUT B1 I^row J2 ^coefA
CODE V>   BUF PUT B1 I^row J1 ^key
CODE V>   BUF PUT B1 I^row J2 ^coefB
CODE V>   BUF PUT B1 I^row J1 ^key
CODE V>   BUF PUT B1 I^row J2 ^coefC
CODE V>   BUF PUT B1 I^row J1 ^key
CODE V>   BUF PUT B1 I^row J2 ^coefD
CODE V>   BUF PUT B1 I^row J1 ^key
CODE V>   BUF PUT B1 I^row J2 ^coefE
CODE V>   BUF PUT B1 I^row J1 ^key
CODE V>   BUF PUT B1 I^row J2 ^coefF
CODE V>   BUF PUT B1 I^row J1 ^key
CODE V>   BUF PUT B1 I^row J2 ^coefG
CODE V>   BUF PUT B1 I^row J1 ^key
CODE V>   BUF PUT B1 I^row J2 ^coefH
CODE V>   BUF PUT B1 I^row J1 ^key
CODE V>   BUF PUT B1 I^row J2 ^coefJ
CODE V>   BUF PUT B1 I^row J1 ^key
CODE V>   BUF PUT B1 I^row J2 (RDY S^s)
CODE V>   BUF PUT B1 I^row J1 ^key
CODE V>   BUF PUT B1 I^row J2 (THI S^s)
CODE V>   BUF PUT B1 I^row J1 ^key
CODE V>   BUF PUT B1 I^row J2 ^semi_diameter_mm
CODE V>   BUF PUT B1 I^row J1 ^key
CODE V>   BUF PUT B1 I^row J2 ^glass
CODE V>   BUF PUT B1 I^row J1 ^key
CODE V>   BUF PUT B1 I^row J2 ^nd
CODE V>   BUF PUT B1 I^row J1 ^key
CODE V>   BUF PUT B1 I^row J2 ^vd
CODE V>   BUF PUT B1 I^row J1 ^key
CODE V>   BUF PUT B1 I^row J2 ^surf_type
CODE V>   BUF PUT B1 I^row J1 ^key
CODE V>   BUF PUT B1 I^row J2 ^isstop
CODE V>   BUF PUT B1 I^row J1 ^key
CODE V>   BUF PUT B1 I^row J2 ^coefK
CODE V>   BUF PUT B1 I^row J1 ^key
CODE V>   BUF PUT B1 I^row J2 ^coefA
CODE V>   BUF PUT B1 I^row J1 ^key
CODE V>   BUF PUT B1 I^row J2 ^coefB
CODE V>   BUF PUT B1 I^row J1 ^key
CODE V>   BUF PUT B1 I^row J2 ^coefC
CODE V>   BUF PUT B1 I^row J1 ^key
CODE V>   BUF PUT B1 I^row J2 ^coefD
CODE V>   BUF PUT B1 I^row J1 ^key
CODE V>   BUF PUT B1 I^row J2 ^coefE
CODE V>   BUF PUT B1 I^row J1 ^key
CODE V>   BUF PUT B1 I^row J2 ^coefF
CODE V>   BUF PUT B1 I^row J1 ^key
CODE V>   BUF PUT B1 I^row J2 ^coefG
CODE V>   BUF PUT B1 I^row J1 ^key
CODE V>   BUF PUT B1 I^row J2 ^coefH
CODE V>   BUF PUT B1 I^row J1 ^key
CODE V>   BUF PUT B1 I^row J2 ^coefJ
CODE V>   BUF PUT B1 I^row J1 ^key
CODE V>   BUF PUT B1 I^row J2 (RDY S^s)
CODE V>   BUF PUT B1 I^row J1 ^key
CODE V>   BUF PUT B1 I^row J2 (THI S^s)
CODE V>   BUF PUT B1 I^row J1 ^key
CODE V>   BUF PUT B1 I^row J2 ^semi_diameter_mm
CODE V>   BUF PUT B1 I^row J1 ^key
CODE V>   BUF PUT B1 I^row J2 ^glass
CODE V>   BUF PUT B1 I^row J1 ^key
CODE V>   BUF PUT B1 I^row J2 ^nd
CODE V>   BUF PUT B1 I^row J1 ^key
CODE V>   BUF PUT B1 I^row J2 ^vd
CODE V>   BUF PUT B1 I^row J1 ^key
CODE V>   BUF PUT B1 I^row J2 ^surf_type
CODE V>   BUF PUT B1 I^row J1 ^key
CODE V>   BUF PUT B1 I^row J2 ^isstop
CODE V>   BUF PUT B1 I^row J1 ^key
CODE V>   BUF PUT B1 I^row J2 ^coefK
CODE V>   BUF PUT B1 I^row J1 ^key
CODE V>   BUF PUT B1 I^row J2 ^coefA
CODE V>   BUF PUT B1 I^row J1 ^key
CODE V>   BUF PUT B1 I^row J2 ^coefB
CODE V>   BUF PUT B1 I^row J1 ^key
CODE V>   BUF PUT B1 I^row J2 ^coefC
CODE V>   BUF PUT B1 I^row J1 ^key
CODE V>   BUF PUT B1 I^row J2 ^coefD
CODE V>   BUF PUT B1 I^row J1 ^key
CODE V>   BUF PUT B1 I^row J2 ^coefE
CODE V>   BUF PUT B1 I^row J1 ^key
CODE V>   BUF PUT B1 I^row J2 ^coefF
CODE V>   BUF PUT B1 I^row J1 ^key
CODE V>   BUF PUT B1 I^row J2 ^coefG
CODE V>   BUF PUT B1 I^row J1 ^key
CODE V>   BUF PUT B1 I^row J2 ^coefH
CODE V>   BUF PUT B1 I^row J1 ^key
CODE V>   BUF PUT B1 I^row J2 ^coefJ
CODE V>   BUF PUT B1 I^row J1 ^key
CODE V>   BUF PUT B1 I^row J2 (RDY S^s)
CODE V>   BUF PUT B1 I^row J1 ^key
CODE V>   BUF PUT B1 I^row J2 (THI S^s)
CODE V>   BUF PUT B1 I^row J1 ^key
CODE V>   BUF PUT B1 I^row J2 ^semi_diameter_mm
CODE V>   BUF PUT B1 I^row J1 ^key
CODE V>   BUF PUT B1 I^row J2 ^glass
CODE V>   BUF PUT B1 I^row J1 ^key
CODE V>   BUF PUT B1 I^row J2 ^nd
CODE V>   BUF PUT B1 I^row J1 ^key
CODE V>   BUF PUT B1 I^row J2 ^vd
CODE V>   BUF PUT B1 I^row J1 ^key
CODE V>   BUF PUT B1 I^row J2 ^surf_type
CODE V>   BUF PUT B1 I^row J1 ^key
CODE V>   BUF PUT B1 I^row J2 ^isstop
CODE V>   BUF PUT B1 I^row J1 ^key
CODE V>   BUF PUT B1 I^row J2 ^coefK
CODE V>   BUF PUT B1 I^row J1 ^key
CODE V>   BUF PUT B1 I^row J2 ^coefA
CODE V>   BUF PUT B1 I^row J1 ^key
CODE V>   BUF PUT B1 I^row J2 ^coefB
CODE V>   BUF PUT B1 I^row J1 ^key
CODE V>   BUF PUT B1 I^row J2 ^coefC
CODE V>   BUF PUT B1 I^row J1 ^key
CODE V>   BUF PUT B1 I^row J2 ^coefD
CODE V>   BUF PUT B1 I^row J1 ^key
CODE V>   BUF PUT B1 I^row J2 ^coefE
CODE V>   BUF PUT B1 I^row J1 ^key
CODE V>   BUF PUT B1 I^row J2 ^coefF
CODE V>   BUF PUT B1 I^row J1 ^key
CODE V>   BUF PUT B1 I^row J2 ^coefG
CODE V>   BUF PUT B1 I^row J1 ^key
CODE V>   BUF PUT B1 I^row J2 ^coefH
CODE V>   BUF PUT B1 I^row J1 ^key
CODE V>   BUF PUT B1 I^row J2 ^coefJ
CODE V>   BUF PUT B1 I^row J1 ^key
CODE V>   BUF PUT B1 I^row J2 (RDY S^s)
CODE V>   BUF PUT B1 I^row J1 ^key
CODE V>   BUF PUT B1 I^row J2 (THI S^s)
CODE V>   BUF PUT B1 I^row J1 ^key
CODE V>   BUF PUT B1 I^row J2 ^semi_diameter_mm
CODE V>   BUF PUT B1 I^row J1 ^key
CODE V>   BUF PUT B1 I^row J2 ^glass
CODE V>   BUF PUT B1 I^row J1 ^key
CODE V>   BUF PUT B1 I^row J2 ^nd
CODE V>   BUF PUT B1 I^row J1 ^key
CODE V>   BUF PUT B1 I^row J2 ^vd
CODE V>   BUF PUT B1 I^row J1 ^key
CODE V>   BUF PUT B1 I^row J2 ^surf_type
CODE V>   BUF PUT B1 I^row J1 ^key
CODE V>   BUF PUT B1 I^row J2 ^isstop
CODE V>   BUF PUT B1 I^row J1 ^key
CODE V>   BUF PUT B1 I^row J2 ^coefK
CODE V>   BUF PUT B1 I^row J1 ^key
CODE V>   BUF PUT B1 I^row J2 ^coefA
CODE V>   BUF PUT B1 I^row J1 ^key
CODE V>   BUF PUT B1 I^row J2 ^coefB
CODE V>   BUF PUT B1 I^row J1 ^key
CODE V>   BUF PUT B1 I^row J2 ^coefC
CODE V>   BUF PUT B1 I^row J1 ^key
CODE V>   BUF PUT B1 I^row J2 ^coefD
CODE V>   BUF PUT B1 I^row J1 ^key
CODE V>   BUF PUT B1 I^row J2 ^coefE
CODE V>   BUF PUT B1 I^row J1 ^key
CODE V>   BUF PUT B1 I^row J2 ^coefF
CODE V>   BUF PUT B1 I^row J1 ^key
CODE V>   BUF PUT B1 I^row J2 ^coefG
CODE V>   BUF PUT B1 I^row J1 ^key
CODE V>   BUF PUT B1 I^row J2 ^coefH
CODE V>   BUF PUT B1 I^row J1 ^key
CODE V>   BUF PUT B1 I^row J2 ^coefJ
CODE V>   BUF PUT B1 I^row J1 ^key
CODE V>   BUF PUT B1 I^row J2 (RDY S^s)
CODE V>   BUF PUT B1 I^row J1 ^key
CODE V>   BUF PUT B1 I^row J2 (THI S^s)
CODE V>   BUF PUT B1 I^row J1 ^key
CODE V>   BUF PUT B1 I^row J2 ^semi_diameter_mm
CODE V>   BUF PUT B1 I^row J1 ^key
CODE V>   BUF PUT B1 I^row J2 ^glass
CODE V>   BUF PUT B1 I^row J1 ^key
CODE V>   BUF PUT B1 I^row J2 ^nd
CODE V>   BUF PUT B1 I^row J1 ^key
CODE V>   BUF PUT B1 I^row J2 ^vd
CODE V>   BUF PUT B1 I^row J1 ^key
CODE V>   BUF PUT B1 I^row J2 ^surf_type
CODE V>   BUF PUT B1 I^row J1 ^key
CODE V>   BUF PUT B1 I^row J2 ^isstop
CODE V>   BUF PUT B1 I^row J1 ^key
CODE V>   BUF PUT B1 I^row J2 ^coefK
CODE V>   BUF PUT B1 I^row J1 ^key
CODE V>   BUF PUT B1 I^row J2 ^coefA
CODE V>   BUF PUT B1 I^row J1 ^key
CODE V>   BUF PUT B1 I^row J2 ^coefB
CODE V>   BUF PUT B1 I^row J1 ^key
CODE V>   BUF PUT B1 I^row J2 ^coefC
CODE V>   BUF PUT B1 I^row J1 ^key
CODE V>   BUF PUT B1 I^row J2 ^coefD
CODE V>   BUF PUT B1 I^row J1 ^key
CODE V>   BUF PUT B1 I^row J2 ^coefE
CODE V>   BUF PUT B1 I^row J1 ^key
CODE V>   BUF PUT B1 I^row J2 ^coefF
CODE V>   BUF PUT B1 I^row J1 ^key
CODE V>   BUF PUT B1 I^row J2 ^coefG
CODE V>   BUF PUT B1 I^row J1 ^key
CODE V>   BUF PUT B1 I^row J2 ^coefH
CODE V>   BUF PUT B1 I^row J1 ^key
CODE V>   BUF PUT B1 I^row J2 ^coefJ
CODE V>   BUF PUT B1 I^row J1 ^key
CODE V>   BUF PUT B1 I^row J2 (RDY S^s)
CODE V>   BUF PUT B1 I^row J1 ^key
CODE V>   BUF PUT B1 I^row J2 (THI S^s)
CODE V>   BUF PUT B1 I^row J1 ^key
CODE V>   BUF PUT B1 I^row J2 ^semi_diameter_mm
CODE V>   BUF PUT B1 I^row J1 ^key
CODE V>   BUF PUT B1 I^row J2 ^glass
CODE V>   BUF PUT B1 I^row J1 ^key
CODE V>   BUF PUT B1 I^row J2 ^nd
CODE V>   BUF PUT B1 I^row J1 ^key
CODE V>   BUF PUT B1 I^row J2 ^vd
CODE V>   BUF PUT B1 I^row J1 ^key
CODE V>   BUF PUT B1 I^row J2 ^surf_type
CODE V>   BUF PUT B1 I^row J1 ^key
CODE V>   BUF PUT B1 I^row J2 ^isstop
CODE V>   BUF PUT B1 I^row J1 ^key
CODE V>   BUF PUT B1 I^row J2 ^coefK
CODE V>   BUF PUT B1 I^row J1 ^key
CODE V>   BUF PUT B1 I^row J2 ^coefA
CODE V>   BUF PUT B1 I^row J1 ^key
CODE V>   BUF PUT B1 I^row J2 ^coefB
CODE V>   BUF PUT B1 I^row J1 ^key
CODE V>   BUF PUT B1 I^row J2 ^coefC
CODE V>   BUF PUT B1 I^row J1 ^key
CODE V>   BUF PUT B1 I^row J2 ^coefD
CODE V>   BUF PUT B1 I^row J1 ^key
CODE V>   BUF PUT B1 I^row J2 ^coefE
CODE V>   BUF PUT B1 I^row J1 ^key
CODE V>   BUF PUT B1 I^row J2 ^coefF
CODE V>   BUF PUT B1 I^row J1 ^key
CODE V>   BUF PUT B1 I^row J2 ^coefG
CODE V>   BUF PUT B1 I^row J1 ^key
CODE V>   BUF PUT B1 I^row J2 ^coefH
CODE V>   BUF PUT B1 I^row J1 ^key
CODE V>   BUF PUT B1 I^row J2 ^coefJ
CODE V>   BUF PUT B1 I^row J1 ^key
CODE V>   BUF PUT B1 I^row J2 (RDY S^s)
CODE V>   BUF PUT B1 I^row J1 ^key
CODE V>   BUF PUT B1 I^row J2 (THI S^s)
CODE V>   BUF PUT B1 I^row J1 ^key
CODE V>   BUF PUT B1 I^row J2 ^semi_diameter_mm
CODE V>   BUF PUT B1 I^row J1 ^key
CODE V>   BUF PUT B1 I^row J2 ^glass
CODE V>   BUF PUT B1 I^row J1 ^key
CODE V>   BUF PUT B1 I^row J2 ^nd
CODE V>   BUF PUT B1 I^row J1 ^key
CODE V>   BUF PUT B1 I^row J2 ^vd
CODE V>   BUF PUT B1 I^row J1 ^key
CODE V>   BUF PUT B1 I^row J2 ^surf_type
CODE V>   BUF PUT B1 I^row J1 ^key
CODE V>   BUF PUT B1 I^row J2 ^isstop
CODE V>   BUF PUT B1 I^row J1 ^key
CODE V>   BUF PUT B1 I^row J2 ^coefK
CODE V>   BUF PUT B1 I^row J1 ^key
CODE V>   BUF PUT B1 I^row J2 ^coefA
CODE V>   BUF PUT B1 I^row J1 ^key
CODE V>   BUF PUT B1 I^row J2 ^coefB
CODE V>   BUF PUT B1 I^row J1 ^key
CODE V>   BUF PUT B1 I^row J2 ^coefC
CODE V>   BUF PUT B1 I^row J1 ^key
CODE V>   BUF PUT B1 I^row J2 ^coefD
CODE V>   BUF PUT B1 I^row J1 ^key
CODE V>   BUF PUT B1 I^row J2 ^coefE
CODE V>   BUF PUT B1 I^row J1 ^key
CODE V>   BUF PUT B1 I^row J2 ^coefF
CODE V>   BUF PUT B1 I^row J1 ^key
CODE V>   BUF PUT B1 I^row J2 ^coefG
CODE V>   BUF PUT B1 I^row J1 ^key
CODE V>   BUF PUT B1 I^row J2 ^coefH
CODE V>   BUF PUT B1 I^row J1 ^key
CODE V>   BUF PUT B1 I^row J2 ^coefJ
CODE V>   BUF PUT B1 I^row J1 ^key
CODE V>   BUF PUT B1 I^row J2 (RDY S^s)
CODE V>   BUF PUT B1 I^row J1 ^key
CODE V>   BUF PUT B1 I^row J2 (THI S^s)
CODE V>   BUF PUT B1 I^row J1 ^key
CODE V>   BUF PUT B1 I^row J2 ^semi_diameter_mm
CODE V>   BUF PUT B1 I^row J1 ^key
CODE V>   BUF PUT B1 I^row J2 ^glass
CODE V>   BUF PUT B1 I^row J1 ^key
CODE V>   BUF PUT B1 I^row J2 ^nd
CODE V>   BUF PUT B1 I^row J1 ^key
CODE V>   BUF PUT B1 I^row J2 ^vd
CODE V>   BUF PUT B1 I^row J1 ^key
CODE V>   BUF PUT B1 I^row J2 ^surf_type
CODE V>   BUF PUT B1 I^row J1 ^key
CODE V>   BUF PUT B1 I^row J2 ^isstop
CODE V>   BUF PUT B1 I^row J1 ^key
CODE V>   BUF PUT B1 I^row J2 ^coefK
CODE V>   BUF PUT B1 I^row J1 ^key
CODE V>   BUF PUT B1 I^row J2 ^coefA
CODE V>   BUF PUT B1 I^row J1 ^key
CODE V>   BUF PUT B1 I^row J2 ^coefB
CODE V>   BUF PUT B1 I^row J1 ^key
CODE V>   BUF PUT B1 I^row J2 ^coefC
CODE V>   BUF PUT B1 I^row J1 ^key
CODE V>   BUF PUT B1 I^row J2 ^coefD
CODE V>   BUF PUT B1 I^row J1 ^key
CODE V>   BUF PUT B1 I^row J2 ^coefE
CODE V>   BUF PUT B1 I^row J1 ^key
CODE V>   BUF PUT B1 I^row J2 ^coefF
CODE V>   BUF PUT B1 I^row J1 ^key
CODE V>   BUF PUT B1 I^row J2 ^coefG
CODE V>   BUF PUT B1 I^row J1 ^key
CODE V>   BUF PUT B1 I^row J2 ^coefH
CODE V>   BUF PUT B1 I^row J1 ^key
CODE V>   BUF PUT B1 I^row J2 ^coefJ
CODE V>   BUF PUT B1 I^row J1 ^key
CODE V>   BUF PUT B1 I^row J2 (RDY S^s)
CODE V>   BUF PUT B1 I^row J1 ^key
CODE V>   BUF PUT B1 I^row J2 (THI S^s)
CODE V>   BUF PUT B1 I^row J1 ^key
CODE V>   BUF PUT B1 I^row J2 ^semi_diameter_mm
CODE V>   BUF PUT B1 I^row J1 ^key
CODE V>   BUF PUT B1 I^row J2 ^glass
CODE V>   BUF PUT B1 I^row J1 ^key
CODE V>   BUF PUT B1 I^row J2 ^nd
CODE V>   BUF PUT B1 I^row J1 ^key
CODE V>   BUF PUT B1 I^row J2 ^vd
CODE V>   BUF PUT B1 I^row J1 ^key
CODE V>   BUF PUT B1 I^row J2 ^surf_type
CODE V>   BUF PUT B1 I^row J1 ^key
CODE V>   BUF PUT B1 I^row J2 ^isstop
CODE V>   BUF PUT B1 I^row J1 ^key
CODE V>   BUF PUT B1 I^row J2 ^coefK
CODE V>   BUF PUT B1 I^row J1 ^key
CODE V>   BUF PUT B1 I^row J2 ^coefA
CODE V>   BUF PUT B1 I^row J1 ^key
CODE V>   BUF PUT B1 I^row J2 ^coefB
CODE V>   BUF PUT B1 I^row J1 ^key
CODE V>   BUF PUT B1 I^row J2 ^coefC
CODE V>   BUF PUT B1 I^row J1 ^key
CODE V>   BUF PUT B1 I^row J2 ^coefD
CODE V>   BUF PUT B1 I^row J1 ^key
CODE V>   BUF PUT B1 I^row J2 ^coefE
CODE V>   BUF PUT B1 I^row J1 ^key
CODE V>   BUF PUT B1 I^row J2 ^coefF
CODE V>   BUF PUT B1 I^row J1 ^key
CODE V>   BUF PUT B1 I^row J2 ^coefG
CODE V>   BUF PUT B1 I^row J1 ^key
CODE V>   BUF PUT B1 I^row J2 ^coefH
CODE V>   BUF PUT B1 I^row J1 ^key
CODE V>   BUF PUT B1 I^row J2 ^coefJ
CODE V>   BUF PUT B1 I^row J1 ^key
CODE V>   BUF PUT B1 I^row J2 (RDY S^s)
CODE V>   BUF PUT B1 I^row J1 ^key
CODE V>   BUF PUT B1 I^row J2 (THI S^s)
CODE V>   BUF PUT B1 I^row J1 ^key
CODE V>   BUF PUT B1 I^row J2 ^semi_diameter_mm
CODE V>   BUF PUT B1 I^row J1 ^key
CODE V>   BUF PUT B1 I^row J2 ^glass
CODE V>   BUF PUT B1 I^row J1 ^key
CODE V>   BUF PUT B1 I^row J2 ^nd
CODE V>   BUF PUT B1 I^row J1 ^key
CODE V>   BUF PUT B1 I^row J2 ^vd
CODE V>   BUF PUT B1 I^row J1 ^key
CODE V>   BUF PUT B1 I^row J2 ^surf_type
CODE V>   BUF PUT B1 I^row J1 ^key
CODE V>   BUF PUT B1 I^row J2 ^isstop
CODE V>   BUF PUT B1 I^row J1 ^key
CODE V>   BUF PUT B1 I^row J2 ^coefK
CODE V>   BUF PUT B1 I^row J1 ^key
CODE V>   BUF PUT B1 I^row J2 ^coefA
CODE V>   BUF PUT B1 I^row J1 ^key
CODE V>   BUF PUT B1 I^row J2 ^coefB
CODE V>   BUF PUT B1 I^row J1 ^key
CODE V>   BUF PUT B1 I^row J2 ^coefC
CODE V>   BUF PUT B1 I^row J1 ^key
CODE V>   BUF PUT B1 I^row J2 ^coefD
CODE V>   BUF PUT B1 I^row J1 ^key
CODE V>   BUF PUT B1 I^row J2 ^coefE
CODE V>   BUF PUT B1 I^row J1 ^key
CODE V>   BUF PUT B1 I^row J2 ^coefF
CODE V>   BUF PUT B1 I^row J1 ^key
CODE V>   BUF PUT B1 I^row J2 ^coefG
CODE V>   BUF PUT B1 I^row J1 ^key
CODE V>   BUF PUT B1 I^row J2 ^coefH
CODE V>   BUF PUT B1 I^row J1 ^key
CODE V>   BUF PUT B1 I^row J2 ^coefJ
CODE V>   BUF PUT B1 I^row J1 ^key
CODE V>   BUF PUT B1 I^row J2 (RDY S^s)
CODE V>   BUF PUT B1 I^row J1 ^key
CODE V>   BUF PUT B1 I^row J2 (THI S^s)
CODE V>   BUF PUT B1 I^row J1 ^key
CODE V>   BUF PUT B1 I^row J2 ^semi_diameter_mm
CODE V>   BUF PUT B1 I^row J1 ^key
CODE V>   BUF PUT B1 I^row J2 ^glass
CODE V>   BUF PUT B1 I^row J1 ^key
CODE V>   BUF PUT B1 I^row J2 ^nd
CODE V>   BUF PUT B1 I^row J1 ^key
CODE V>   BUF PUT B1 I^row J2 ^vd
CODE V>   BUF PUT B1 I^row J1 ^key
CODE V>   BUF PUT B1 I^row J2 ^surf_type
CODE V>   BUF PUT B1 I^row J1 ^key
CODE V>   BUF PUT B1 I^row J2 ^isstop
CODE V>   BUF PUT B1 I^row J1 ^key
CODE V>   BUF PUT B1 I^row J2 ^coefK
CODE V>   BUF PUT B1 I^row J1 ^key
CODE V>   BUF PUT B1 I^row J2 ^coefA
CODE V>   BUF PUT B1 I^row J1 ^key
CODE V>   BUF PUT B1 I^row J2 ^coefB
CODE V>   BUF PUT B1 I^row J1 ^key
CODE V>   BUF PUT B1 I^row J2 ^coefC
CODE V>   BUF PUT B1 I^row J1 ^key
CODE V>   BUF PUT B1 I^row J2 ^coefD
CODE V>   BUF PUT B1 I^row J1 ^key
CODE V>   BUF PUT B1 I^row J2 ^coefE
CODE V>   BUF PUT B1 I^row J1 ^key
CODE V>   BUF PUT B1 I^row J2 ^coefF
CODE V>   BUF PUT B1 I^row J1 ^key
CODE V>   BUF PUT B1 I^row J2 ^coefG
CODE V>   BUF PUT B1 I^row J1 ^key
CODE V>   BUF PUT B1 I^row J2 ^coefH
CODE V>   BUF PUT B1 I^row J1 ^key
CODE V>   BUF PUT B1 I^row J2 ^coefJ
CODE V>   BUF PUT B1 I^row J1 ^key
CODE V>   BUF PUT B1 I^row J2 (WL W^w)
CODE V>   BUF PUT B1 I^row J1 ^key
CODE V>   BUF PUT B1 I^row J2 (WTW Z1 W^w)
CODE V>   BUF PUT B1 I^row J1 ^key
CODE V>   BUF PUT B1 I^row J2 (WL W^w)
CODE V>   BUF PUT B1 I^row J1 ^key
CODE V>   BUF PUT B1 I^row J2 (WTW Z1 W^w)
CODE V>   BUF PUT B1 I^row J1 ^key
CODE V>   BUF PUT B1 I^row J2 (WL W^w)
CODE V>   BUF PUT B1 I^row J1 ^key
CODE V>   BUF PUT B1 I^row J2 (WTW Z1 W^w)
CODE V>   BUF PUT B1 I^row J1 ^key
CODE V>   BUF PUT B1 I^row J2 ^field_type
CODE V>   BUF PUT B1 I^row J1 ^key
CODE V>   BUF PUT B1 I^row J2 ^field_x
CODE V>   BUF PUT B1 I^row J1 ^key
CODE V>   BUF PUT B1 I^row J2 ^field_y
CODE V>   BUF PUT B1 I^row J1 ^key
CODE V>   BUF PUT B1 I^row J2 (VUY F^f Z1)
CODE V>   BUF PUT B1 I^row J1 ^key
CODE V>   BUF PUT B1 I^row J2 (VLY F^f Z1)
CODE V>   BUF PUT B1 I^row J1 ^key
CODE V>   BUF PUT B1 I^row J2 (VUX F^f Z1)
CODE V>   BUF PUT B1 I^row J1 ^key
CODE V>   BUF PUT B1 I^row J2 (VLX F^f Z1)
CODE V>   BUF PUT B1 I^row J1 ^key
CODE V>   BUF PUT B1 I^row J2 ^field_type
CODE V>   BUF PUT B1 I^row J1 ^key
CODE V>   BUF PUT B1 I^row J2 ^field_x
CODE V>   BUF PUT B1 I^row J1 ^key
CODE V>   BUF PUT B1 I^row J2 ^field_y
CODE V>   BUF PUT B1 I^row J1 ^key
CODE V>   BUF PUT B1 I^row J2 (VUY F^f Z1)
CODE V>   BUF PUT B1 I^row J1 ^key
CODE V>   BUF PUT B1 I^row J2 (VLY F^f Z1)
CODE V>   BUF PUT B1 I^row J1 ^key
CODE V>   BUF PUT B1 I^row J2 (VUX F^f Z1)
CODE V>   BUF PUT B1 I^row J1 ^key
CODE V>   BUF PUT B1 I^row J2 (VLX F^f Z1)
CODE V>   BUF PUT B1 I^row J1 ^key
CODE V>   BUF PUT B1 I^row J2 ^field_type
CODE V>   BUF PUT B1 I^row J1 ^key
CODE V>   BUF PUT B1 I^row J2 ^field_x
CODE V>   BUF PUT B1 I^row J1 ^key
CODE V>   BUF PUT B1 I^row J2 ^field_y
CODE V>   BUF PUT B1 I^row J1 ^key
CODE V>   BUF PUT B1 I^row J2 (VUY F^f Z1)
CODE V>   BUF PUT B1 I^row J1 ^key
CODE V>   BUF PUT B1 I^row J2 (VLY F^f Z1)
CODE V>   BUF PUT B1 I^row J1 ^key
CODE V>   BUF PUT B1 I^row J2 (VUX F^f Z1)
CODE V>   BUF PUT B1 I^row J1 ^key
CODE V>   BUF PUT B1 I^row J2 (VLX F^f Z1)
CODE V> BUF EXP B1 "D:\atelier-opt3\.planning\loop\candidates-2026-07-09\US20170045714A1\asphere\atelier_codev_target_A_vig0.20_optimized_readout.tsv"
     ERROR - Unable to open file.
     WARNING - Sequence aborted
CODE V> EXIT
     EXI                                                                               9-Jul-26  19H  3M 40S
                                                 CODE V PC  Version: 11.5             CPU clock:  0H  0M 19S
