  
  
                                   Welcome to
  
                                   C O D E   V
  
                                PC  Version 11.5
                                   Build 27302701
  
                                    9-Jul-2026
  
                            A proprietary product of
  
                              SYNOPSYS, INC
                              Pasadena, California
  
CODE V> OUT NO
     Radius input/output mode
  
    Lens data created by Zemax version 200706
  
    Zemax command MODE ignored
    ZEMAX NOTE 0 table5
    Zemax command PFIL ignored
    Zemax command LANG ignored
     WARNING - Glass catalog list not used.
     WARNING - Ray aiming not used.
     WARNING - Pupil shift for ray aiming not used.
    Zemax command SDMA ignored
    Zemax command OMMA ignored
    Zemax command HYPR ignored
     WARNING - Vignetting angles not used.
    Zemax command POLS ignored
    Zemax command GLRS ignored
    Zemax command GSTD ignored
    Zemax command NSCD ignored
    Zemax command COFN ignored
    Zemax command COFN ignored
  
     Surface pointer = OBJ
    Zemax surface type  STANDARD
    CODE V surface type SPH
    Zemax command FIMP ignored.
     WARNING - Hiding of rays not used.
    Zemax command MIRR ignored.
    Zemax command SLAB ignored.
    Zemax command MEMA ignored.
    Zemax command POPS ignored.
  
     Surface pointer = 1
    Zemax surface type  EVENASPH
    CODE V surface type ASP
    Zemax command FIMP ignored.
     WARNING - Hiding of rays not used.
    Zemax command MIRR ignored.
    Zemax command SLAB ignored.
     WARNING - Partial dispersion of model glass not used.
    Zemax command MEMA ignored.
    Zemax command POPS ignored.
  
     Surface pointer = 2
    Zemax surface type  EVENASPH
    CODE V surface type ASP
    Zemax command FIMP ignored.
     WARNING - Hiding of rays not used.
    Zemax command MIRR ignored.
    Zemax command SLAB ignored.
    Zemax command MEMA ignored.
    Zemax command POPS ignored.
  
     Surface pointer = 3
    Zemax surface type  EVENASPH
    CODE V surface type ASP
    Zemax command FIMP ignored.
     WARNING - Hiding of rays not used.
    Zemax command MIRR ignored.
    Zemax command SLAB ignored.
    Zemax command MEMA ignored.
    Zemax command POPS ignored.
  
     Surface pointer = 4
    Zemax surface type  EVENASPH
    CODE V surface type ASP
    Zemax command FIMP ignored.
     WARNING - Hiding of rays not used.
    Zemax command MIRR ignored.
    Zemax command SLAB ignored.
     WARNING - Partial dispersion of model glass not used.
    Zemax command MEMA ignored.
    Zemax command POPS ignored.
  
     Surface pointer = 5
    Zemax surface type  EVENASPH
    CODE V surface type ASP
    Zemax command FIMP ignored.
     WARNING - Hiding of rays not used.
    Zemax command MIRR ignored.
    Zemax command SLAB ignored.
    Zemax command MEMA ignored.
    Zemax command POPS ignored.
  
     Surface pointer = 6
    Zemax surface type  EVENASPH
    CODE V surface type ASP
    Zemax command FIMP ignored.
     WARNING - Hiding of rays not used.
    Zemax command MIRR ignored.
    Zemax command SLAB ignored.
     WARNING - Partial dispersion of model glass not used.
    Zemax command MEMA ignored.
    Zemax command POPS ignored.
  
     Surface pointer = 7
    Zemax surface type  EVENASPH
    CODE V surface type ASP
    Zemax command FIMP ignored.
     WARNING - Hiding of rays not used.
    Zemax command MIRR ignored.
    Zemax command SLAB ignored.
    Zemax command MEMA ignored.
    Zemax command POPS ignored.
  
     Surface pointer = 8
    Zemax surface type  EVENASPH
    CODE V surface type ASP
    Zemax command FIMP ignored.
     WARNING - Hiding of rays not used.
    Zemax command MIRR ignored.
    Zemax command SLAB ignored.
     WARNING - Partial dispersion of model glass not used.
    Zemax command MEMA ignored.
    Zemax command POPS ignored.
  
     Surface pointer = 9
    Zemax surface type  EVENASPH
    CODE V surface type ASP
    Zemax command FIMP ignored.
     WARNING - Hiding of rays not used.
    Zemax command MIRR ignored.
    Zemax command SLAB ignored.
    Zemax command MEMA ignored.
    Zemax command POPS ignored.
  
     Surface pointer = 10
    Zemax surface type  EVENASPH
    CODE V surface type ASP
    Zemax command FIMP ignored.
     WARNING - Hiding of rays not used.
    Zemax command MIRR ignored.
    Zemax command SLAB ignored.
     WARNING - Partial dispersion of model glass not used.
    Zemax command MEMA ignored.
    Zemax command POPS ignored.
  
     Surface pointer = 11
    Zemax surface type  EVENASPH
    CODE V surface type ASP
    Zemax command FIMP ignored.
     WARNING - Hiding of rays not used.
    Zemax command MIRR ignored.
    Zemax command SLAB ignored.
    Zemax command MEMA ignored.
    Zemax command POPS ignored.
  
     Surface pointer = 12
    Zemax surface type  EVENASPH
    CODE V surface type ASP
    Zemax command FIMP ignored.
     WARNING - Hiding of rays not used.
    Zemax command MIRR ignored.
    Zemax command SLAB ignored.
     WARNING - Partial dispersion of model glass not used.
    Zemax command MEMA ignored.
    Zemax command POPS ignored.
  
     Surface pointer = 13
    Zemax surface type  EVENASPH
    CODE V surface type ASP
    Zemax command FIMP ignored.
     WARNING - Hiding of rays not used.
    Zemax command MIRR ignored.
    Zemax command SLAB ignored.
    Zemax command MEMA ignored.
    Zemax command POPS ignored.
  
     Surface pointer = 14
    Zemax surface type  EVENASPH
    CODE V surface type ASP
    Zemax command FIMP ignored.
     WARNING - Hiding of rays not used.
    Zemax command MIRR ignored.
    Zemax command SLAB ignored.
     WARNING - Partial dispersion of model glass not used.
    Zemax command MEMA ignored.
    Zemax command POPS ignored.
  
     Surface pointer = 15
    Zemax surface type  EVENASPH
    CODE V surface type ASP
    Zemax command FIMP ignored.
     WARNING - Hiding of rays not used.
    Zemax command MIRR ignored.
    Zemax command SLAB ignored.
    Zemax command MEMA ignored.
    Zemax command POPS ignored.
  
     Surface pointer = 16
    Zemax surface type  STANDARD
    CODE V surface type SPH
    Zemax command FIMP ignored.
     WARNING - Hiding of rays not used.
    Zemax command MIRR ignored.
    Zemax command SLAB ignored.
     WARNING - Partial dispersion of model glass not used.
    Zemax command MEMA ignored.
    Zemax command POPS ignored.
  
     Surface pointer = 17
    Zemax surface type  STANDARD
    CODE V surface type SPH
    Zemax command FIMP ignored.
     WARNING - Hiding of rays not used.
    Zemax command MIRR ignored.
    Zemax command SLAB ignored.
    Zemax command MEMA ignored.
    Zemax command POPS ignored.
  
     Surface pointer = IMG
    Zemax surface type  STANDARD
    CODE V surface type SPH
    Zemax command FIMP ignored.
     WARNING - Hiding of rays not used.
    Zemax command MIRR ignored.
    Zemax command SLAB ignored.
    Zemax command MEMA ignored.
    Zemax command POPS ignored.
  
     WARNING - Please check the converted lens carefully.
               Some information will not be converted.
               Changes in either CODE V or ZEMAX may invalidate
               the converted information.
               Due to differences between CODE V and ZEMAX ray
               aiming and vignetting factors, it is recommended
               that you set vignetting for the converted system.
  
               A concise listing of conversion warnings appears
               in the Tabbed Output Window 'Info' tab and in the
               Command Window.
  
CODE V> DEF VAR SA
CODE V>     AC S^s 0
CODE V>     BC S^s 0
CODE V>     CC S^s 0
CODE V>     DC S^s 0
CODE V>     EC S^s 0
CODE V>     FC S^s 0
CODE V>     GC S^s 0
CODE V>     AC S^s 0
CODE V>     BC S^s 0
CODE V>     CC S^s 0
CODE V>     DC S^s 0
CODE V>     EC S^s 0
CODE V>     FC S^s 0
CODE V>     GC S^s 0
CODE V>     AC S^s 0
CODE V>     BC S^s 0
CODE V>     CC S^s 0
CODE V>     DC S^s 0
CODE V>     EC S^s 0
CODE V>     FC S^s 0
CODE V>     GC S^s 0
CODE V>     AC S^s 0
CODE V>     BC S^s 0
CODE V>     CC S^s 0
CODE V>     DC S^s 0
CODE V>     EC S^s 0
CODE V>     FC S^s 0
CODE V>     GC S^s 0
CODE V>     AC S^s 0
CODE V>     BC S^s 0
CODE V>     CC S^s 0
CODE V>     DC S^s 0
CODE V>     EC S^s 0
CODE V>     FC S^s 0
CODE V>     GC S^s 0
CODE V>     AC S^s 0
CODE V>     BC S^s 0
CODE V>     CC S^s 0
CODE V>     DC S^s 0
CODE V>     EC S^s 0
CODE V>     FC S^s 0
CODE V>     GC S^s 0
CODE V>     AC S^s 0
CODE V>     BC S^s 0
CODE V>     CC S^s 0
CODE V>     DC S^s 0
CODE V>     EC S^s 0
CODE V>     FC S^s 0
CODE V>     GC S^s 0
CODE V>     AC S^s 0
CODE V>     BC S^s 0
CODE V>     CC S^s 0
CODE V>     DC S^s 0
CODE V>     EC S^s 0
CODE V>     FC S^s 0
CODE V>     GC S^s 0
CODE V>     AC S^s 0
CODE V>     BC S^s 0
CODE V>     CC S^s 0
CODE V>     DC S^s 0
CODE V>     EC S^s 0
CODE V>     FC S^s 0
CODE V>     GC S^s 0
CODE V>     AC S^s 0
CODE V>     BC S^s 0
CODE V>     CC S^s 0
CODE V>     DC S^s 0
CODE V>     EC S^s 0
CODE V>     FC S^s 0
CODE V>     GC S^s 0
CODE V>     AC S^s 0
CODE V>     BC S^s 0
CODE V>     CC S^s 0
CODE V>     DC S^s 0
CODE V>     EC S^s 0
CODE V>     FC S^s 0
CODE V>     GC S^s 0
CODE V>     AC S^s 0
CODE V>     BC S^s 0
CODE V>     CC S^s 0
CODE V>     DC S^s 0
CODE V>     EC S^s 0
CODE V>     FC S^s 0
CODE V>     GC S^s 0
CODE V>     AC S^s 0
CODE V>     BC S^s 0
CODE V>     CC S^s 0
CODE V>     DC S^s 0
CODE V>     EC S^s 0
CODE V>     FC S^s 0
CODE V>     GC S^s 0
CODE V>     AC S^s 0
CODE V>     BC S^s 0
CODE V>     CC S^s 0
CODE V>     DC S^s 0
CODE V>     EC S^s 0
CODE V>     FC S^s 0
CODE V>     GC S^s 0
CODE V>     AC S^s 0
CODE V>     BC S^s 0
CODE V>     CC S^s 0
CODE V>     DC S^s 0
CODE V>     EC S^s 0
CODE V>     FC S^s 0
CODE V>     GC S^s 0
 
 
 
 
CODE V> AUT
     AUT                                                                               9-Jul-26  19H  2M 13S
                                                 CODE V PC  Version: 11.5             CPU clock:  0H  0M  1S
     ***Defocussing frozen to eliminate redundant variable
AUT>   SUR N
AUT>   CHG SA
AUT>   WFR Y
AUT>   WTF FA 10
AUT>   EFL = 3.797
AUT>   @atelier_latcolor == @lcum(1)
AUT>   @atelier_latcolor = 0
AUT>   WTC 0.01
AUT>   @atelier_rmsspot == @rmssum(1)
AUT>   @atelier_rmsspot = 0
AUT>   WTC 0.001
AUT>   MNT 0.025
AUT>   MNE 0.025
AUT>   MXT 10
AUT>   MNA 0.001
AUT>   MXC 25
AUT>   MNC 3
AUT>   IMP 0.001
AUT> GO
 -------------------------------------------------------------------------------
  
       USER CONSTRAINT DEFINITIONS
            @atelier_rmsspot == @rmssum(1)
  
            @atelier_latcolor == @lcum(1)
  
  
  
       POTENTIALLY ACTIVE SPECIFIC CONSTRAINTS
         EFL                                  =       3.797000
         @ATELIER_LATCOLOR                    =       0.000000     (WTC =    0.01000)
         @ATELIER_RMSSPOT                     =       0.000000     (WTC =    0.00100)
  
       GENERAL CONSTRAINTS
         MXT      10.000000
         MNT       0.025000
         MNE       0.025000
         MNA       0.001000
         MAE       0.002500
         GLA               NFK5  NSK16  NLAF2  SF4
  
       ERROR FUNCTION CONSTRUCTION
         WFR        Y
         WTW       1          1          1
         WTA       0.000000
         DEL       0.220000
         WTX F1   10.000000
         WTX F2   10.000000
         WTX F3   10.000000
         WTY F1   10.000000
         WTY F2   10.000000
         WTY F3   10.000000
  
       CONVERGENCE CONTROLS
         MXC        25
         MNC         3
         TAR       0.000000
         IMP       0.001000
  
       OUTPUT CONTROLS
         SUR NO
         CHG S0..18
  
     Recommendations for most stable convergence:
  
       Use object space aperture specifications:
       - NAO for finite conjugate systems
       - EPD for infinite conjugate systems
  
       VARIABLE LIST
  
         NO      PARAMETERS *
          1      CUY S1       CUY S2
          2      CUY S2       CUY S4
          3      CUY S4       CUY S5       CUY S6       CUY S7
          4      CUY S5       CUY S6
          5      CUY S6       CUY S7
          6      CUY S7       CUY S8
          7      CUY S8       CUY S9       CUY S10       CUY S11       CUY S12       CUY S13
          8      CUY S9       CUY S10
          9      CUY S10       CUY S11       CUY S12       CUY S13
         10      CUY S11       CUY S12
         11      CUY S12       CUY S13
         12      CUY S13       CUY S14
         13      CUY S14       CUY S15
         14      CUY S15
         15      A   S1
         16      A   S2
         17      A   S3
         18      A   S4
         19      A   S5
         20      A   S6
         21      A   S7
         22      A   S8
         23      A   S9
         24      A   S10
         25      A   S11
         26      A   S12
         27      A   S13
         28      A   S14
         29      A   S15
         30      B   S1
         31      B   S2
         32      B   S3
         33      B   S4
         34      B   S5
         35      B   S6
         36      B   S7
         37      B   S8
         38      B   S9
         39      B   S10
         40      B   S11
         41      B   S12
         42      B   S13
         43      B   S14
         44      B   S15
         45      C   S1
         46      C   S2
         47      C   S3
         48      C   S4
         49      C   S5
         50      C   S6
         51      C   S7
         52      C   S8
         53      C   S9
         54      C   S10
         55      C   S11
         56      C   S12
         57      C   S13
         58      C   S14
         59      C   S15
         60      D   S1
         61      D   S2
         62      D   S3
         63      D   S4
         64      D   S5
         65      D   S6
         66      D   S7
         67      D   S8
         68      D   S9
         69      D   S10
         70      D   S11
         71      D   S12
         72      D   S13
         73      D   S14
         74      D   S15
         75      E   S1
         76      E   S2
         77      E   S3
         78      E   S4
         79      E   S5
         80      E   S6
         81      E   S7
         82      E   S8
         83      E   S9
         84      E   S10
         85      E   S11
         86      E   S12
         87      E   S13
         88      E   S14
         89      E   S15
         90      F   S1
         91      F   S2
         92      F   S3
         93      F   S4
         94      F   S5
         95      F   S6
         96      F   S7
         97      F   S8
         98      F   S9
         99      F   S10
        100      F   S11
        101      F   S12
        102      F   S13
        103      F   S14
        104      F   S15
        105      G   S1
        106      G   S2
        107      G   S3
        108      G   S4
        109      G   S5
        110      G   S6
        111      G   S7
        112      G   S8
        113      G   S9
        114      G   S10
        115      G   S11
        116      G   S12
        117      G   S13
        118      G   S14
        119      G   S15
        120      THI S2
        121      THI S3
        122      THI S5
        123      THI S7
        124      THI S9
        125      THI S11
        126      THI S13
        127      THI S15
        128      THI S17
  
     * Multiple entries on a line are composite variables.
     Composite variables are either program-generated bendings
     or user-requested couplings.
  
     128 VARIABLES
  
     128 CONSTRAINTS CAN BE ACTIVE
  
     RELATIVE TIME PER CYCLE IS 1059.1 UNITS
     WARNING - The macro function SPOTDATA is not supported on multiple threads.
               CODE V will set the multiple processor setting (MPP) to 1 to prevent errors.
               Please refer to the CODE V Setup and Operation Reference Manual for a complete list
               of pre-defined macro functions that are currently limited to running on a single thread.
  
 CYCLE NUMBER 0:
  
  ABERR F. =        0.29908822
  CONST F. =      129.45408181
  ERR. F.  =      129.75317003
  
  OPD     0.38636451     0.16151580     0.27478034
  WAV     0.40688146     0.17565341     0.29907660
  
  
  
  Parameter                 Value            Change
  CUY S1                2.97619048E-01      0.00E+00
  CUY S2                3.01114122E-01      0.00E+00
  CUY S4                4.64252553E-01      0.00E+00
  CUY S5                5.71755289E-02      0.00E+00
  CUY S6                1.33014099E-01      0.00E+00
  CUY S7                2.70855905E-01      0.00E+00
  CUY S8                3.59285740E-02      0.00E+00
  CUY S9               -2.09336404E-01      0.00E+00
  CUY S10              -5.70125428E-01      0.00E+00
  CUY S11              -2.83045570E-01      0.00E+00
  CUY S12               5.44959128E-01      0.00E+00
  CUY S13               2.14316331E-01      0.00E+00
  CUY S14               6.33312223E-01      0.00E+00
  CUY S15               9.22509225E-01      0.00E+00
  A   S1               -2.03450000E-02      0.00E+00
  A   S2               -1.06220000E-01      0.00E+00
  A   S3                0.00000000E+00      0.00E+00
  A   S4               -1.12260000E-01      0.00E+00
  A   S5               -6.38950000E-02      0.00E+00
  A   S6               -1.30850000E-02      0.00E+00
  A   S7                7.19730000E-03      0.00E+00
  A   S8               -4.96610000E-02      0.00E+00
  A   S9               -9.93470000E-02      0.00E+00
  A   S10              -7.42580000E-02      0.00E+00
  A   S11              -1.52140000E-01      0.00E+00
  A   S12               5.34730000E-02      0.00E+00
  A   S13               6.37650000E-02      0.00E+00
  A   S14              -1.84750000E-01      0.00E+00
  A   S15              -1.34770000E-01      0.00E+00
  B   S1                4.34820000E-02      0.00E+00
  B   S2                1.15500000E-01      0.00E+00
  B   S3                0.00000000E+00      0.00E+00
  B   S4                8.02540000E-02      0.00E+00
  B   S5               -1.09580000E-01      0.00E+00
  B   S6               -1.28070000E-02      0.00E+00
  B   S7               -2.43050000E-03      0.00E+00
  B   S8               -1.11040000E-02      0.00E+00
  B   S9               -2.33340000E-01      0.00E+00
  B   S10               6.60020000E-02      0.00E+00
  B   S11               1.82190000E-01      0.00E+00
  B   S12              -4.84250000E-02      0.00E+00
  B   S13              -4.25360000E-02      0.00E+00
  B   S14               5.09800000E-02      0.00E+00
  B   S15               5.68240000E-02      0.00E+00
  C   S1               -3.71390000E-02      0.00E+00
  C   S2                8.16320000E-03      0.00E+00
  C   S3                0.00000000E+00      0.00E+00
  C   S4               -1.37310000E-01      0.00E+00
  C   S5                1.11700000E-01      0.00E+00
  C   S6                3.90270000E-03      0.00E+00
  C   S7               -1.05530000E-02      0.00E+00
  C   S8               -1.73230000E-02      0.00E+00
  C   S9                6.94740000E-01      0.00E+00
  C   S10               2.21870000E-01      0.00E+00
  C   S11              -7.99560000E-02      0.00E+00
  C   S12               1.92030000E-02      0.00E+00
  C   S13               1.11020000E-02      0.00E+00
  C   S14              -7.21470000E-03      0.00E+00
  C   S15              -1.61220000E-02      0.00E+00
  D   S1                2.10720000E-02      0.00E+00
  D   S2               -1.64010000E-01      0.00E+00
  D   S3                0.00000000E+00      0.00E+00
  D   S4                1.95770000E-02      0.00E+00
  D   S5               -8.75440000E-02      0.00E+00
  D   S6               -3.93060000E-02      0.00E+00
  D   S7               -8.97450000E-03      0.00E+00
  D   S8               -5.52000000E-03      0.00E+00
  D   S9               -9.09710000E-01      0.00E+00
  D   S10              -2.40710000E-01      0.00E+00
  D   S11               2.21860000E-02      0.00E+00
  D   S12              -5.81160000E-03      0.00E+00
  D   S13              -1.74750000E-03      0.00E+00
  D   S14               6.76380000E-04      0.00E+00
  D   S15               2.66210000E-03      0.00E+00
  E   S1                3.39790000E-03      0.00E+00
  E   S2                1.92070000E-01      0.00E+00
  E   S3                0.00000000E+00      0.00E+00
  E   S4                2.06890000E-01      0.00E+00
  E   S5                1.35220000E-02      0.00E+00
  E   S6                2.06350000E-02      0.00E+00
  E   S7                7.47790000E-06      0.00E+00
  E   S8                1.30200000E-02      0.00E+00
  E   S9                6.99020000E-01      0.00E+00
  E   S10               9.70430000E-02      0.00E+00
  E   S11              -4.84220000E-03      0.00E+00
  E   S12               1.00840000E-03      0.00E+00
  E   S13               1.57690000E-04      0.00E+00
  E   S14              -4.88560000E-05      0.00E+00
  E   S15              -2.44170000E-04      0.00E+00
  F   S1               -5.81580000E-03      0.00E+00
  F   S2               -8.49090000E-02      0.00E+00
  F   S3                0.00000000E+00      0.00E+00
  F   S4               -2.42240000E-01      0.00E+00
  F   S5               -2.07390000E-02      0.00E+00
  F   S6               -1.11330000E-02      0.00E+00
  F   S7                0.00000000E+00      0.00E+00
  F   S8                0.00000000E+00      0.00E+00
  F   S9               -3.01840000E-01      0.00E+00
  F   S10              -1.41960000E-02      0.00E+00
  F   S11               5.62030000E-04      0.00E+00
  F   S12              -6.78750000E-05      0.00E+00
  F   S13              -6.00190000E-06      0.00E+00
  F   S14               2.53580000E-06      0.00E+00
  F   S15               1.15510000E-05      0.00E+00
  G   S1                0.00000000E+00      0.00E+00
  G   S2                0.00000000E+00      0.00E+00
  G   S3                0.00000000E+00      0.00E+00
  G   S4                0.00000000E+00      0.00E+00
  G   S5                0.00000000E+00      0.00E+00
  G   S6                0.00000000E+00      0.00E+00
  G   S7                0.00000000E+00      0.00E+00
  G   S8                0.00000000E+00      0.00E+00
  G   S9                5.55780000E-02      0.00E+00
  G   S10               0.00000000E+00      0.00E+00
  G   S11               0.00000000E+00      0.00E+00
  G   S12               0.00000000E+00      0.00E+00
  G   S13               0.00000000E+00      0.00E+00
  G   S14              -6.35550000E-08      0.00E+00
  G   S15              -2.19720000E-07      0.00E+00
  THI S2                8.60000000E-02      0.00E+00
  THI S3               -1.70000000E-02      0.00E+00
  THI S5                5.00000000E-02      0.00E+00
  THI S7                3.05000000E-01      0.00E+00
  THI S9                1.62000000E-01      0.00E+00
  THI S11               5.10000000E-02      0.00E+00
  THI S13               5.18000000E-01      0.00E+00
  THI S15               6.10000000E-01      0.00E+00
  THI S17               1.69000000E-01      0.00E+00
  
        EFL          REDU         PIM          OAL         EN PUP       EX PUP
      3.622518     0.000000     0.148083     5.226000     0.306555    -2.730948
  
  Specific Constraints:        target        value         diff      active (**)
  EFL                    =   3.79700E+00   3.62252E+00  -1.745E-01    **
  
  Weighted Constraints:        target        value        WTC/PTC     contrib
  @ATELIER_LATCOLOR      =   0.00000E+00   6.15114E-01   1.000E-02   3.784E+01
  @ATELIER_RMSSPOT       =   0.00000E+00   9.57171E+00   1.000E-03   9.162E+01
  
  Constraints added:      EFL (=)                     Mn CT S3 (>)
  
 CYCLE NUMBER 1:
  
  ABERR F. =        0.21688779
  CONST F. =       96.76110292
  ERR. F.  =       96.97799072       (change =      -32.77517932)
  
  OPD     0.08864491     0.27746535     0.10893256
  WAV     0.11813294     0.39517365     0.12414927
  
  
  
  Parameter                 Value            Change
  CUY S1                2.99599084E-01      1.98E-03
  CUY S2                3.06747098E-01      5.63E-03
  CUY S4                4.67898604E-01      3.65E-03
  CUY S5                5.76817188E-02      5.06E-04
  CUY S6                1.34298866E-01      1.28E-03
  CUY S7                2.71804020E-01      9.48E-04
  CUY S8                3.56476378E-02     -2.81E-04
  CUY S9               -2.10113390E-01     -7.77E-04
  CUY S10              -5.71091216E-01     -9.66E-04
  CUY S11              -2.83623272E-01     -5.78E-04
  CUY S12               5.50961316E-01      6.00E-03
  CUY S13               2.18002517E-01      3.69E-03
  CUY S14               5.97451663E-01     -3.59E-02
  CUY S15               9.59356949E-01      3.68E-02
  A   S1               -2.01895456E-02      1.55E-04
  A   S2               -1.06425594E-01     -2.06E-04
  A   S3               -1.92200037E-14     -1.92E-14
  A   S4               -1.11963016E-01      2.97E-04
  A   S5               -6.42457743E-02     -3.51E-04
  A   S6               -1.26747658E-02      4.10E-04
  A   S7                6.93315508E-03     -2.64E-04
  A   S8               -4.95659500E-02      9.50E-05
  A   S9               -9.91322563E-02      2.15E-04
  A   S10              -7.44418361E-02     -1.84E-04
  A   S11              -1.52016291E-01      1.24E-04
  A   S12               5.32485272E-02     -2.24E-04
  A   S13               6.38226960E-02      5.77E-05
  A   S14              -1.84753174E-01     -3.17E-06
  A   S15              -1.34734727E-01      3.53E-05
  B   S1                4.34247939E-02     -5.72E-05
  B   S2                1.15426306E-01     -7.37E-05
  B   S3               -1.58957883E-13     -1.59E-13
  B   S4                8.05095372E-02      2.56E-04
  B   S5               -1.09858174E-01     -2.78E-04
  B   S6               -1.24128839E-02      3.94E-04
  B   S7               -2.47896212E-03     -4.85E-05
  B   S8               -1.12288832E-02     -1.25E-04
  B   S9               -2.33134798E-01      2.05E-04
  B   S10               6.58497143E-02     -1.52E-04
  B   S11               1.82254518E-01      6.45E-05
  B   S12              -4.84309431E-02     -5.94E-06
  B   S13              -4.25357443E-02      2.56E-07
  B   S14               5.09799626E-02     -3.74E-08
  B   S15               5.68246344E-02      6.34E-07
  C   S1               -3.73300876E-02     -1.91E-04
  C   S2                8.17512693E-03      1.19E-05
  C   S3                1.32988454E-13      1.33E-13
  C   S4               -1.37107982E-01      2.02E-04
  C   S5                1.11672271E-01     -2.77E-05
  C   S6                3.97604539E-03      7.33E-05
  C   S7               -1.00704506E-02      4.83E-04
  C   S8               -1.74534273E-02     -1.30E-04
  C   S9                6.94857469E-01      1.17E-04
  C   S10               2.21814891E-01     -5.51E-05
  C   S11              -7.99396606E-02      1.63E-05
  C   S12               1.92037860E-02      7.86E-07
  C   S13               1.11019482E-02     -5.18E-08
  C   S14              -7.21469961E-03      3.86E-10
  C   S15              -1.61219875E-02      1.25E-08
  D   S1                2.09109315E-02     -1.61E-04
  D   S2               -1.63984057E-01      2.59E-05
  D   S3               -3.62496396E-13     -3.62E-13
  D   S4                1.96821650E-02      1.05E-04
  D   S5               -8.61947506E-02      1.35E-03
  D   S6               -4.15835208E-02     -2.28E-03
  D   S7               -9.19989084E-03     -2.25E-04
  D   S8               -4.74745086E-03      7.73E-04
  D   S9               -9.09659427E-01      5.06E-05
  D   S10              -2.40737822E-01     -2.78E-05
  D   S11               2.21818808E-02     -4.12E-06
  D   S12              -5.81145711E-03      1.43E-07
  D   S13              -1.74750539E-03     -5.39E-09
  D   S14               6.76380027E-04      2.71E-11
  D   S15               2.66210010E-03      1.02E-10
  E   S1                3.39790000E-03      6.72E-17
  E   S2                1.92070000E-01      0.00E+00
  E   S3               -8.19385775E-20     -8.19E-20
  E   S4                2.06890000E-01      0.00E+00
  E   S5                1.35220000E-02      2.60E-17
  E   S6                2.06350000E-02     -6.94E-18
  E   S7                7.47790000E-06     -2.08E-16
  E   S8                1.30200000E-02      2.05E-16
  E   S9                6.99020000E-01     -1.11E-16
  E   S10               9.70430000E-02     -4.58E-16
  E   S11              -4.84371144E-03     -1.51E-06
  E   S12               1.00841926E-03      1.93E-08
  E   S13               1.57689515E-04     -4.85E-10
  E   S14              -4.88560114E-05     -1.14E-11
  E   S15              -2.44170018E-04     -1.77E-11
  F   S1               -5.81580000E-03      4.60E-17
  F   S2               -8.49090000E-02      0.00E+00
  F   S3               -6.01045802E-21     -6.01E-21
  F   S4               -2.42240000E-01      0.00E+00
  F   S5               -2.07390000E-02      6.94E-18
  F   S6               -1.11330000E-02      6.94E-18
  F   S7               -1.27822583E-16     -1.28E-16
  F   S8                1.33252524E-16      1.33E-16
  F   S9               -3.01840000E-01     -2.22E-16
  F   S10              -1.41960000E-02     -1.28E-16
  F   S11               5.61681622E-04     -3.48E-07
  F   S12              -6.78725183E-05      2.48E-09
  F   S13              -6.00194044E-06     -4.04E-11
  F   S14               2.53579568E-06     -4.32E-12
  F   S15               1.15505636E-05     -4.36E-10
  G   S1                1.97826843E-17      1.98E-17
  G   S2               -8.76938629E-19     -8.77E-19
  G   S3               -1.36698419E-20     -1.37E-20
  G   S4               -1.00997739E-19     -1.01E-19
  G   S5                1.38985514E-18      1.39E-18
  G   S6                5.22445843E-18      5.22E-18
  G   S7               -6.27530140E-17     -6.28E-17
  G   S8                7.21998669E-17      7.22E-17
  G   S9                5.55780000E-02     -1.60E-16
  G   S10              -1.93049113E-05     -1.93E-05
  G   S11              -8.37239873E-08     -8.37E-08
  G   S12               3.04368861E-10      3.04E-10
  G   S13              -4.89819674E-11     -4.90E-11
  G   S14              -6.35557963E-08     -7.96E-13
  G   S15              -2.19721918E-07     -1.92E-12
  THI S2                7.03366089E-02     -1.57E-02
  THI S3                1.00000000E-03      1.80E-02
  THI S5                5.20783532E-02      2.08E-03
  THI S7                3.07679631E-01      2.68E-03
  THI S9                1.66340594E-01      4.34E-03
  THI S11               6.98778483E-02      1.89E-02
  THI S13               5.25218892E-01      7.22E-03
  THI S15               6.23612254E-01      1.36E-02
  THI S17               1.82612254E-01      1.36E-02
  
        EFL          REDU         PIM          OAL         EN PUP       EX PUP
      3.793660     0.000000     0.163343     5.277144     0.289849    -2.636727
  
  Active Constraints -   2:    target        value         diff        cost
  EFL                    =   3.79700E+00   3.79366E+00  -3.340E-03   4.920E-06
  Mn CT S3                                                          -3.575E-07
  
  Weighted Constraints:        target        value        WTC/PTC     contrib
  @ATELIER_LATCOLOR      =   0.00000E+00   7.84853E-01   1.000E-02   6.160E+01
  @ATELIER_RMSSPOT       =   0.00000E+00   5.92973E+00   1.000E-03   3.516E+01
  
  Singular variable no. 17 will move only to satisfy constraints.
  Singular variable no. 32 will move only to satisfy constraints.
  Singular variable no. 47 will move only to satisfy constraints.
  Singular variable no. 62 will move only to satisfy constraints.
  Singular variable no. 75 will move only to satisfy constraints.
  Singular variable no. 76 will move only to satisfy constraints.
  Singular variable no. 77 will move only to satisfy constraints.
  Singular variable no. 78 will move only to satisfy constraints.
  Singular variable no. 79 will move only to satisfy constraints.
  Singular variable no. 80 will move only to satisfy constraints.
  Singular variable no. 81 will move only to satisfy constraints.
  Singular variable no. 82 will move only to satisfy constraints.
  Singular variable no. 90 will move only to satisfy constraints.
  Singular variable no. 91 will move only to satisfy constraints.
  Singular variable no. 92 will move only to satisfy constraints.
  Singular variable no. 93 will move only to satisfy constraints.
  Singular variable no. 94 will move only to satisfy constraints.
  Singular variable no. 95 will move only to satisfy constraints.
  Singular variable no. 96 will move only to satisfy constraints.
  Singular variable no.105 will move only to satisfy constraints.
  Singular variable no.106 will move only to satisfy constraints.
  Singular variable no.107 will move only to satisfy constraints.
  Singular variable no.108 will move only to satisfy constraints.
  Singular variable no.109 will move only to satisfy constraints.
  Singular variable no.110 will move only to satisfy constraints.
  Singular variable no.111 will move only to satisfy constraints.
  Singular variable no.112 will move only to satisfy constraints.
  
  Singular variable no. 17 will move only to satisfy constraints.
  Singular variable no. 32 will move only to satisfy constraints.
  Singular variable no. 47 will move only to satisfy constraints.
  Singular variable no. 62 will move only to satisfy constraints.
  Singular variable no. 75 will move only to satisfy constraints.
  Singular variable no. 76 will move only to satisfy constraints.
  Singular variable no. 77 will move only to satisfy constraints.
  Singular variable no. 78 will move only to satisfy constraints.
  Singular variable no. 79 will move only to satisfy constraints.
  Singular variable no. 80 will move only to satisfy constraints.
  Singular variable no. 81 will move only to satisfy constraints.
  Singular variable no. 82 will move only to satisfy constraints.
  Singular variable no. 90 will move only to satisfy constraints.
  Singular variable no. 91 will move only to satisfy constraints.
  Singular variable no. 92 will move only to satisfy constraints.
  Singular variable no. 93 will move only to satisfy constraints.
  Singular variable no. 94 will move only to satisfy constraints.
  Singular variable no. 95 will move only to satisfy constraints.
  Singular variable no. 96 will move only to satisfy constraints.
  Singular variable no.105 will move only to satisfy constraints.
  Singular variable no.106 will move only to satisfy constraints.
  Singular variable no.107 will move only to satisfy constraints.
  Singular variable no.108 will move only to satisfy constraints.
  Singular variable no.109 will move only to satisfy constraints.
  Singular variable no.110 will move only to satisfy constraints.
  Singular variable no.111 will move only to satisfy constraints.
  Singular variable no.112 will move only to satisfy constraints.
  
 CYCLE NUMBER 2:
  
  ABERR F. =        0.12681738
  CONST F. =       43.00143643
  ERR. F.  =       43.12825381       (change =      -53.84973691)
  
  OPD     0.07358669     0.14626458     0.08465638
  WAV     0.10659193     0.19832297     0.10875208
  
  
  
  Parameter                 Value            Change
  CUY S1                2.99819405E-01      2.20E-04
  CUY S2                3.06359666E-01     -3.87E-04
  CUY S4                4.68759074E-01      8.60E-04
  CUY S5                5.90150081E-02      1.33E-03
  CUY S6                1.35662996E-01      1.36E-03
  CUY S7                2.73417114E-01      1.61E-03
  CUY S8                3.57092007E-02      6.16E-05
  CUY S9               -2.09900376E-01      2.13E-04
  CUY S10              -5.70871994E-01      2.19E-04
  CUY S11              -2.82636466E-01      9.87E-04
  CUY S12               5.51986226E-01      1.02E-03
  CUY S13               2.17699844E-01     -3.03E-04
  CUY S14               5.96101011E-01     -1.35E-03
  CUY S15               9.59885847E-01      5.29E-04
  A   S1               -2.02244688E-02     -3.49E-05
  A   S2               -1.06395622E-01      3.00E-05
  A   S3               -1.92579279E-10     -1.93E-10
  A   S4               -1.11988810E-01     -2.58E-05
  A   S5               -6.42351952E-02      1.06E-05
  A   S6               -1.27283052E-02     -5.35E-05
  A   S7                6.97559951E-03      4.24E-05
  A   S8               -4.96434780E-02     -7.75E-05
  A   S9               -9.90321492E-02      1.00E-04
  A   S10              -7.51718816E-02     -7.30E-04
  A   S11              -1.52042058E-01     -2.58E-05
  A   S12               5.33174635E-02      6.89E-05
  A   S13               6.37293843E-02     -9.33E-05
  A   S14              -1.84759372E-01     -6.20E-06
  A   S15              -1.34711612E-01      2.31E-05
  B   S1                4.33814085E-02     -4.34E-05
  B   S2                1.15489549E-01      6.32E-05
  B   S3               -1.58957883E-13      0.00E+00
  B   S4                8.04319659E-02     -7.76E-05
  B   S5               -1.09858620E-01     -4.46E-07
  B   S6               -1.24949336E-02     -8.20E-05
  B   S7               -2.41637384E-03      6.26E-05
  B   S8               -1.11988493E-02      3.00E-05
  B   S9               -2.33154138E-01     -1.93E-05
  B   S10               6.59564357E-02      1.07E-04
  B   S11               1.82258569E-01      4.05E-06
  B   S12              -4.84035843E-02      2.74E-05
  B   S13              -4.25468472E-02     -1.11E-05
  B   S14               5.09795445E-02     -4.18E-07
  B   S15               5.68259748E-02      1.34E-06
  C   S1               -3.73605093E-02     -3.04E-05
  C   S2                8.25516987E-03      8.00E-05
  C   S3                1.32988454E-13      0.00E+00
  C   S4               -1.37222661E-01     -1.15E-04
  C   S5                1.11498105E-01     -1.74E-04
  C   S6                3.89117811E-03     -8.49E-05
  C   S7               -9.98192699E-03      8.85E-05
  C   S8               -1.75004851E-02     -4.71E-05
  C   S9                6.94824397E-01     -3.31E-05
  C   S10               2.21893972E-01      7.91E-05
  C   S11              -7.99396134E-02      4.71E-08
  C   S12               1.92036987E-02     -8.72E-08
  C   S13               1.11021599E-02      2.12E-07
  C   S14              -7.21473388E-03     -3.43E-08
  C   S15              -1.61219003E-02      8.72E-08
  D   S1                2.09199992E-02      9.07E-06
  D   S2               -1.63919391E-01      6.47E-05
  D   S3               -1.04422813E-09     -1.04E-09
  D   S4                1.96107028E-02     -7.15E-05
  D   S5               -8.70131245E-02     -8.18E-04
  D   S6               -4.14275213E-02      1.56E-04
  D   S7               -9.00433281E-03      1.96E-04
  D   S8               -4.81214367E-03     -6.47E-05
  D   S9               -9.09654992E-01      4.43E-06
  D   S10              -2.40707836E-01      3.00E-05
  D   S11               2.21820712E-02      1.90E-07
  D   S12              -5.81160711E-03     -1.50E-07
  D   S13              -1.74748257E-03      2.28E-08
  D   S14               6.76376921E-04     -3.11E-09
  D   S15               2.66210625E-03      6.15E-09
  E   S1                3.39790012E-03      1.21E-10
  E   S2                1.92070000E-01     -3.19E-12
  E   S3               -8.19385775E-20      0.00E+00
  E   S4                2.06890000E-01      6.56E-12
  E   S5                1.35220000E-02     -2.07E-11
  E   S6                2.06350000E-02     -2.72E-12
  E   S7                7.47800863E-06      1.09E-10
  E   S8                1.30199999E-02     -1.48E-10
  E   S9                6.99025898E-01      5.90E-06
  E   S10               9.70425192E-02     -4.81E-07
  E   S11              -4.84356075E-03      1.51E-07
  E   S12               1.00838621E-03     -3.30E-08
  E   S13               1.57691861E-04      2.35E-09
  E   S14              -4.88563112E-05     -3.00E-10
  E   S15              -2.44169558E-04      4.59E-10
  F   S1               -5.81579994E-03      6.41E-11
  F   S2               -8.49090000E-02     -4.19E-12
  F   S3                1.09862663E-16      1.10E-16
  F   S4               -2.42240000E-01      3.10E-12
  F   S5               -2.07390000E-02     -2.78E-12
  F   S6               -1.11330000E-02     -8.34E-12
  F   S7                5.59950611E-11      5.60E-11
  F   S8               -7.41569247E-05     -7.42E-05
  F   S9               -3.01837101E-01      2.90E-06
  F   S10              -1.41965931E-02     -5.93E-07
  F   S11               5.61760896E-04      7.93E-08
  F   S12              -6.78785227E-05     -6.00E-09
  F   S13              -6.00168782E-06      2.53E-10
  F   S14               2.53576539E-06     -3.03E-11
  F   S15               1.15505994E-05      3.58E-11
  G   S1                2.56145276E-11      2.56E-11
  G   S2                4.01841137E-12      4.02E-12
  G   S3               -1.36698419E-20      0.00E+00
  G   S4               -1.35716328E-12     -1.36E-12
  G   S5                1.49233524E-13      1.49E-13
  G   S6               -4.58583085E-12     -4.59E-12
  G   S7                2.55319529E-11      2.55E-11
  G   S8               -3.82094415E-11     -3.82E-11
  G   S9                5.55806805E-02      2.68E-06
  G   S10              -1.86591385E-05      6.46E-07
  G   S11              -6.90152567E-08      1.47E-08
  G   S12              -7.57953461E-10     -1.06E-09
  G   S13              -2.05500530E-11      2.84E-11
  G   S14              -6.35589625E-08     -3.17E-12
  G   S15              -2.19719053E-07      2.87E-12
  THI S2                7.17563605E-02      1.42E-03
  THI S3                1.00000000E-03      1.43E-17
  THI S5                5.37895672E-02      1.71E-03
  THI S7                3.07977793E-01      2.98E-04
  THI S9                1.66290173E-01     -5.04E-05
  THI S11               6.97566462E-02     -1.21E-04
  THI S13               5.26409839E-01      1.19E-03
  THI S15               6.26939396E-01      3.33E-03
  THI S17               1.85939396E-01      3.33E-03
  
        EFL          REDU         PIM          OAL         EN PUP       EX PUP
      3.797000     0.000000     0.157475     5.284920     0.291382    -2.638455
  
  Active Constraints -   2:    target        value         diff        cost
  EFL                    =   3.79700E+00   3.79700E+00  -7.201E-08   1.933E-06
  Mn CT S3                                                          -2.082E-07
  
  Weighted Constraints:        target        value        WTC/PTC     contrib
  @ATELIER_LATCOLOR      =   0.00000E+00   1.99897E-01   1.000E-02   3.996E+00
  @ATELIER_RMSSPOT       =   0.00000E+00   6.24544E+00   1.000E-03   3.901E+01
  
 CYCLE NUMBER 3:
  
  ABERR F. =        0.09439151
  CONST F. =       23.91891534
  ERR. F.  =       24.01330685       (change =      -19.11494696)
  
  OPD     0.02172840     0.11164803     0.05022334
  WAV     0.04227755     0.17886980     0.06493808
  
  
  
  Parameter                 Value            Change
  CUY S1                3.05399033E-01      5.58E-03
  CUY S2                3.15873447E-01      9.51E-03
  CUY S4                4.75721610E-01      6.96E-03
  CUY S5                6.20802914E-02      3.07E-03
  CUY S6                1.37093663E-01      1.43E-03
  CUY S7                2.74486490E-01      1.07E-03
  CUY S8                3.54750942E-02     -2.34E-04
  CUY S9               -2.08603596E-01      1.30E-03
  CUY S10              -5.69239175E-01      1.63E-03
  CUY S11              -2.79690389E-01      2.95E-03
  CUY S12               5.56583960E-01      4.60E-03
  CUY S13               2.19726216E-01      2.03E-03
  CUY S14               5.93446108E-01     -2.65E-03
  CUY S15               9.57989459E-01     -1.90E-03
  A   S1               -2.02380019E-02     -1.35E-05
  A   S2               -1.06366599E-01      2.90E-05
  A   S3               -6.33896934E-05     -6.34E-05
  A   S4               -1.12025622E-01     -3.68E-05
  A   S5               -6.42175691E-02      1.76E-05
  A   S6               -1.27129572E-02      1.53E-05
  A   S7                6.96179899E-03     -1.38E-05
  A   S8               -4.96414519E-02      2.03E-06
  A   S9               -9.86618294E-02      3.70E-04
  A   S10              -7.60926651E-02     -9.21E-04
  A   S11              -1.52409245E-01     -3.67E-04
  A   S12               5.33133763E-02     -4.09E-06
  A   S13               6.37265208E-02     -2.86E-06
  A   S14              -1.84759971E-01     -5.98E-07
  A   S15              -1.34709483E-01      2.13E-06
  B   S1                4.33602933E-02     -2.11E-05
  B   S2                1.15563791E-01      7.42E-05
  B   S3               -1.11006417E-04     -1.11E-04
  B   S4                8.02899529E-02     -1.42E-04
  B   S5               -1.08536532E-01      1.32E-03
  B   S6               -1.24928974E-02      2.04E-06
  B   S7               -2.42404881E-03     -7.67E-06
  B   S8               -1.17770874E-02     -5.78E-04
  B   S9               -2.32841744E-01      3.12E-04
  B   S10               6.58809003E-02     -7.55E-05
  B   S11               1.82251564E-01     -7.01E-06
  B   S12              -4.83931374E-02      1.04E-05
  B   S13              -4.25843213E-02     -3.75E-05
  B   S14               5.09795373E-02     -7.25E-09
  B   S15               5.68260257E-02      5.09E-08
  C   S1               -3.73721089E-02     -1.16E-05
  C   S2                8.36877841E-03      1.14E-04
  C   S3               -1.94392201E-04     -1.94E-04
  C   S4               -1.37419175E-01     -1.97E-04
  C   S5                1.12310890E-01      8.13E-04
  C   S6                3.92322874E-03      3.21E-05
  C   S7               -9.98245035E-03     -5.23E-07
  C   S8               -1.75019416E-02     -1.46E-06
  C   S9                6.94492987E-01     -3.31E-04
  C   S10               2.22016641E-01      1.23E-04
  C   S11              -7.99419108E-02     -2.30E-06
  C   S12               1.92066237E-02      2.93E-06
  C   S13               1.11019721E-02     -1.88E-07
  C   S14              -7.21473376E-03      1.25E-10
  C   S15              -1.61218980E-02      2.29E-09
  D   S1                2.09098702E-02     -1.01E-05
  D   S2               -1.63788579E-01      1.31E-04
  D   S3               -3.40416750E-04     -3.40E-04
  D   S4                1.96106346E-02     -6.83E-08
  D   S5               -8.82689444E-02     -1.26E-03
  D   S6               -4.32636054E-02     -1.84E-03
  D   S7               -8.98326448E-03      2.11E-05
  D   S8               -4.82554900E-03     -1.34E-05
  D   S9               -9.09660913E-01     -5.92E-06
  D   S10              -2.40743185E-01     -3.53E-05
  D   S11               2.21812594E-02     -8.12E-07
  D   S12              -5.81132032E-03      2.87E-07
  D   S13              -1.74748820E-03     -5.63E-09
  D   S14               6.76376960E-04      3.93E-11
  D   S15               2.66210637E-03      1.13E-10
  E   S1                3.58683085E-03      1.89E-04
  E   S2                1.97768282E-01      5.70E-03
  E   S3               -7.06634892E-11     -7.07E-11
  E   S4                2.11147169E-01      4.26E-03
  E   S5                5.71399785E-03     -7.81E-03
  E   S6                2.08934754E-02      2.58E-04
  E   S7               -7.72160162E-05     -8.47E-05
  E   S8                1.30136083E-02     -6.39E-06
  E   S9                6.99024436E-01     -1.46E-06
  E   S10               9.70412699E-02     -1.25E-06
  E   S11              -4.84378961E-03     -2.29E-07
  E   S12               1.00841852E-03      3.23E-08
  E   S13               1.57691636E-04     -2.25E-10
  E   S14              -4.88563067E-05      4.49E-12
  E   S15              -2.44169555E-04      3.57E-12
  F   S1               -5.40617520E-03      4.10E-04
  F   S2               -8.75835146E-02     -2.67E-03
  F   S3               -2.95946946E-11     -2.96E-11
  F   S4               -2.31981865E-01      1.03E-02
  F   S5               -1.02312398E-02      1.05E-02
  F   S6               -1.08924038E-02      2.41E-04
  F   S7               -6.64698599E-05     -6.65E-05
  F   S8               -6.70610529E-05      7.10E-06
  F   S9               -3.01837368E-01     -2.67E-07
  F   S10              -1.41970906E-02     -4.98E-07
  F   S11               5.61717480E-04     -4.34E-08
  F   S12              -6.78762191E-05      2.30E-09
  F   S13              -6.00170007E-06     -1.22E-11
  F   S14               2.53576590E-06      5.08E-13
  F   S15               1.15505994E-05      3.83E-14
  G   S1                3.35595177E-04      3.36E-04
  G   S2               -6.47113710E-06     -6.47E-06
  G   S3               -1.42517268E-11     -1.43E-11
  G   S4               -1.56088941E-11     -1.43E-11
  G   S5               -1.40960730E-11     -1.42E-11
  G   S6                1.82807209E-05      1.83E-05
  G   S7               -4.00602770E-05     -4.01E-05
  G   S8                2.48275216E-05      2.48E-05
  G   S9                5.55806249E-02     -5.57E-08
  G   S10              -9.39972764E-05     -7.53E-05
  G   S11              -8.62803554E-08     -1.73E-08
  G   S12              -4.52256264E-10      3.06E-10
  G   S13              -2.13509881E-11     -8.01E-13
  G   S14              -6.35588965E-08      6.60E-14
  G   S15              -2.19719064E-07     -1.09E-14
  THI S2                6.99482179E-02     -1.81E-03
  THI S3                1.00000000E-03     -1.95E-18
  THI S5                5.27280745E-02     -1.06E-03
  THI S7                3.07842047E-01     -1.36E-04
  THI S9                1.62064015E-01     -4.23E-03
  THI S11               7.03382912E-02      5.82E-04
  THI S13               5.26397075E-01     -1.28E-05
  THI S15               6.30668988E-01      3.73E-03
  THI S17               1.89668988E-01      3.73E-03
  
        EFL          REDU         PIM          OAL         EN PUP       EX PUP
      3.796930     0.000000     0.151913     5.281987     0.289672    -2.637783
  
  Active Constraints -   2:    target        value         diff        cost
  EFL                    =   3.79700E+00   3.79693E+00  -6.982E-05   2.997E-07
  Mn CT S3                                                          -1.117E-08
  
  Weighted Constraints:        target        value        WTC/PTC     contrib
  @ATELIER_LATCOLOR      =   0.00000E+00   3.52772E-01   1.000E-02   1.244E+01
  @ATELIER_RMSSPOT       =   0.00000E+00   3.38735E+00   1.000E-03   1.147E+01
  
  Singular variable no. 17 will move only to satisfy constraints.
  Singular variable no. 32 will move only to satisfy constraints.
  Singular variable no. 47 will move only to satisfy constraints.
  Singular variable no. 62 will move only to satisfy constraints.
  Singular variable no. 77 will move only to satisfy constraints.
  Singular variable no. 92 will move only to satisfy constraints.
  Singular variable no.107 will move only to satisfy constraints.
  Singular variable no.108 will move only to satisfy constraints.
  Singular variable no.109 will move only to satisfy constraints.
  
  Constraints released:   Mn CT S3 (>)
  
  Singular variable no. 17 will move only to satisfy constraints.
  Singular variable no. 32 will move only to satisfy constraints.
  Singular variable no. 47 will move only to satisfy constraints.
  Singular variable no. 62 will move only to satisfy constraints.
  Singular variable no. 77 will move only to satisfy constraints.
  Singular variable no. 92 will move only to satisfy constraints.
  Singular variable no.107 will move only to satisfy constraints.
  
 CYCLE NUMBER 4:
  
  ABERR F. =        0.09671218
  CONST F. =       23.30584171
  ERR. F.  =       23.40255389       (change =       -0.61075295)
  
  OPD     0.02195360     0.11330463     0.05183510
  WAV     0.04184922     0.18409849     0.06685124
  
  
  
  Parameter                 Value            Change
  CUY S1                3.05387362E-01     -1.17E-05
  CUY S2                3.15890576E-01      1.71E-05
  CUY S4                4.75750082E-01      2.85E-05
  CUY S5                6.20777905E-02     -2.50E-06
  CUY S6                1.37092125E-01     -1.54E-06
  CUY S7                2.74483381E-01     -3.11E-06
  CUY S8                3.54586457E-02     -1.64E-05
  CUY S9               -2.08617018E-01     -1.34E-05
  CUY S10              -5.69249519E-01     -1.03E-05
  CUY S11              -2.79705099E-01     -1.47E-05
  CUY S12               5.56570776E-01     -1.32E-05
  CUY S13               2.19719753E-01     -6.46E-06
  CUY S14               5.93430589E-01     -1.55E-05
  CUY S15               9.57980235E-01     -9.22E-06
  A   S1               -2.02364714E-02      1.53E-06
  A   S2               -1.06368572E-01     -1.97E-06
  A   S3               -6.33896920E-05      1.39E-12
  A   S4               -1.12022911E-01      2.71E-06
  A   S5               -6.42206689E-02     -3.10E-06
  A   S6               -1.27115904E-02      1.37E-06
  A   S7                6.96098207E-03     -8.17E-07
  A   S8               -4.96395294E-02      1.92E-06
  A   S9               -9.86662384E-02     -4.41E-06
  A   S10              -7.60902449E-02      2.42E-06
  A   S11              -1.52411411E-01     -2.17E-06
  A   S12               5.33130766E-02     -3.00E-07
  A   S13               6.37268082E-02      2.87E-07
  A   S14              -1.84760601E-01     -6.30E-07
  A   S15              -1.34710303E-01     -8.19E-07
  B   S1                4.33619672E-02      1.67E-06
  B   S2                1.15560846E-01     -2.95E-06
  B   S3               -1.11006417E-04      1.82E-13
  B   S4                8.02935462E-02      3.59E-06
  B   S5               -1.08538599E-01     -2.07E-06
  B   S6               -1.24916272E-02      1.27E-06
  B   S7               -2.42476072E-03     -7.12E-07
  B   S8               -1.17762740E-02      8.13E-07
  B   S9               -2.32842838E-01     -1.09E-06
  B   S10               6.58809084E-02      8.11E-09
  B   S11               1.82251376E-01     -1.88E-07
  B   S12              -4.83932866E-02     -1.49E-07
  B   S13              -4.25842139E-02      1.07E-07
  B   S14               5.09797046E-02      1.67E-07
  B   S15               5.68259785E-02     -4.72E-08
  C   S1               -3.73702084E-02      1.90E-06
  C   S2                8.36390791E-03     -4.87E-06
  C   S3               -1.94392197E-04      4.46E-12
  C   S4               -1.37414545E-01      4.63E-06
  C   S5                1.12308963E-01     -1.93E-06
  C   S6                3.92073972E-03     -2.49E-06
  C   S7               -9.98106404E-03      1.39E-06
  C   S8               -1.75012752E-02      6.66E-07
  C   S9                6.94491116E-01     -1.87E-06
  C   S10               2.22020068E-01      3.43E-06
  C   S11              -7.99419557E-02     -4.49E-08
  C   S12               1.92065214E-02     -1.02E-07
  C   S13               1.11019631E-02     -9.06E-09
  C   S14              -7.21473271E-03      1.05E-09
  C   S15              -1.61219008E-02     -2.78E-09
  D   S1                2.09105065E-02      6.36E-07
  D   S2               -1.63797236E-01     -8.66E-06
  D   S3               -3.40416743E-04      7.06E-12
  D   S4                1.96169043E-02      6.27E-06
  D   S5               -8.82571602E-02      1.18E-05
  D   S6               -4.32626053E-02      1.00E-06
  D   S7               -8.98374498E-03     -4.80E-07
  D   S8               -4.82506900E-03      4.80E-07
  D   S9               -9.09661133E-01     -2.20E-07
  D   S10              -2.40742973E-01      2.12E-07
  D   S11               2.21812457E-02     -1.37E-08
  D   S12              -5.81131401E-03      6.32E-09
  D   S13              -1.74748868E-03     -4.80E-10
  D   S14               6.76377045E-04      8.48E-11
  D   S15               2.66210619E-03     -1.81E-10
  E   S1                3.58319185E-03     -3.64E-06
  E   S2                1.97760625E-01     -7.66E-06
  E   S3               -7.06634888E-11      3.91E-19
  E   S4                2.11134417E-01     -1.28E-05
  E   S5                5.71488733E-03      8.89E-07
  E   S6                2.08966804E-02      3.21E-06
  E   S7               -7.79147902E-05     -6.99E-07
  E   S8                1.30139712E-02      3.63E-07
  E   S9                6.99024321E-01     -1.15E-07
  E   S10               9.70414211E-02      1.51E-07
  E   S11              -4.84379407E-03     -4.46E-09
  E   S12               1.00841911E-03      5.85E-10
  E   S13               1.57691598E-04     -3.72E-11
  E   S14              -4.88562992E-05      7.53E-12
  E   S15              -2.44169568E-04     -1.28E-11
  F   S1               -5.41013460E-03     -3.96E-06
  F   S2               -8.76145609E-02     -3.10E-05
  F   S3               -2.95946944E-11      1.28E-19
  F   S4               -2.32000629E-01     -1.88E-05
  F   S5               -1.02347841E-02     -3.54E-06
  F   S6               -1.08944496E-02     -2.05E-06
  F   S7               -6.68170851E-05     -3.47E-07
  F   S8               -6.78005544E-05     -7.40E-07
  F   S9               -3.01837431E-01     -6.28E-08
  F   S10              -1.41970228E-02      6.78E-08
  F   S11               5.61716036E-04     -1.44E-09
  F   S12              -6.78761519E-05      6.72E-11
  F   S13              -6.00170352E-06     -3.45E-12
  F   S14               2.53576661E-06      7.11E-13
  F   S15               1.15505985E-05     -9.51E-13
  G   S1                3.31870891E-04     -3.72E-06
  G   S2                3.84152324E-05      4.49E-05
  G   S3               -1.42517268E-11      2.96E-20
  G   S4                2.08591172E-05      2.09E-05
  G   S5               -4.16965639E-06     -4.17E-06
  G   S6                1.92596410E-05      9.79E-07
  G   S7               -4.02395398E-05     -1.79E-07
  G   S8                2.42131719E-05     -6.14E-07
  G   S9                5.55805892E-02     -3.57E-08
  G   S10              -9.39736282E-05      2.36E-08
  G   S11              -8.68300087E-08     -5.50E-10
  G   S12              -4.42330488E-10      9.93E-12
  G   S13              -2.17113656E-11     -3.60E-13
  G   S14              -6.35588264E-08      7.01E-14
  G   S15              -2.19719139E-07     -7.52E-14
  THI S2                6.99543506E-02      6.13E-06
  THI S3                1.01177966E-03      1.18E-05
  THI S5                5.27176706E-02     -1.04E-05
  THI S7                3.07838792E-01     -3.26E-06
  THI S9                1.62051579E-01     -1.24E-05
  THI S11               7.03172660E-02     -2.10E-05
  THI S13               5.26371436E-01     -2.56E-05
  THI S15               6.30615814E-01     -5.32E-05
  THI S17               1.89615814E-01     -5.32E-05
  
        EFL          REDU         PIM          OAL         EN PUP       EX PUP
      3.797000     0.000000     0.152055     5.281879     0.289678    -2.637693
  
  Active Constraints -   1:    target        value         diff        cost
  EFL                    =   3.79700E+00   3.79700E+00  -7.936E-13   1.803E-04
  
  Weighted Constraints:        target        value        WTC/PTC     contrib
  @ATELIER_LATCOLOR      =   0.00000E+00   3.50434E-01   1.000E-02   1.228E+01
  @ATELIER_RMSSPOT       =   0.00000E+00   3.32046E+00   1.000E-03   1.103E+01
  
  Constraints added:      Mn CT S3 (>)
  
 CYCLE NUMBER 5:
  
  ABERR F. =        0.09717535
  CONST F. =       32.89264996
  ERR. F.  =       32.98982531       (change =        9.58727141)
  
  OPD     0.02283775     0.12072421     0.04999866
  WAV     0.04333898     0.18172143     0.06451036
  
  
  
  Parameter                 Value            Change
  CUY S1                3.05394821E-01      7.46E-06
  CUY S2                3.15924628E-01      3.41E-05
  CUY S4                4.75780058E-01      3.00E-05
  CUY S5                6.20870840E-02      9.29E-06
  CUY S6                1.37099569E-01      7.44E-06
  CUY S7                2.74483462E-01      8.11E-08
  CUY S8                3.54621935E-02      3.55E-06
  CUY S9               -2.08607920E-01      9.10E-06
  CUY S10              -5.69243743E-01      5.78E-06
  CUY S11              -2.79887250E-01     -1.82E-04
  CUY S12               5.56335031E-01     -2.36E-04
  CUY S13               2.19618687E-01     -1.01E-04
  CUY S14               5.93772534E-01      3.42E-04
  CUY S15               9.58887537E-01      9.07E-04
  A   S1               -2.02398846E-02     -3.41E-06
  A   S2               -1.06364981E-01      3.59E-06
  A   S3               -4.12789979E-05      2.21E-05
  A   S4               -1.12026729E-01     -3.82E-06
  A   S5               -6.42165473E-02      4.12E-06
  A   S6               -1.27142260E-02     -2.64E-06
  A   S7                6.96307038E-03      2.09E-06
  A   S8               -4.96426415E-02     -3.11E-06
  A   S9               -9.86641862E-02      2.05E-06
  A   S10              -7.60831212E-02      7.12E-06
  A   S11              -1.52425947E-01     -1.45E-05
  A   S12               5.33154764E-02      2.40E-06
  A   S13               6.37251970E-02     -1.61E-06
  A   S14              -1.84755506E-01      5.09E-06
  A   S15              -1.34699514E-01      1.08E-05
  B   S1                4.33583525E-02     -3.61E-06
  B   S2                1.15565894E-01      5.05E-06
  B   S3               -7.22866149E-05      3.87E-05
  B   S4                8.02883765E-02     -5.17E-06
  B   S5               -1.08534201E-01      4.40E-06
  B   S6               -1.24939172E-02     -2.29E-06
  B   S7               -2.42334114E-03      1.42E-06
  B   S8               -1.17781916E-02     -1.92E-06
  B   S9               -2.32840805E-01      2.03E-06
  B   S10               6.58802575E-02     -6.51E-07
  B   S11               1.82251507E-01      1.31E-07
  B   S12              -4.83929392E-02      3.47E-07
  B   S13              -4.25843765E-02     -1.63E-07
  B   S14               5.09794984E-02     -2.06E-07
  B   S15               5.68267306E-02      7.52E-07
  C   S1               -3.73740181E-02     -3.81E-06
  C   S2                8.37130998E-03      7.40E-06
  C   S3               -1.26586859E-04      6.78E-05
  C   S4               -1.37421769E-01     -7.22E-06
  C   S5                1.12313578E-01      4.62E-06
  C   S6                3.92417626E-03      3.44E-06
  C   S7               -9.98290462E-03     -1.84E-06
  C   S8               -1.75023458E-02     -1.07E-06
  C   S9                6.94491881E-01      7.65E-07
  C   S10               2.22016630E-01     -3.44E-06
  C   S11              -7.99417993E-02      1.56E-07
  C   S12               1.92069346E-02      4.13E-07
  C   S13               1.11020252E-02      6.21E-08
  C   S14              -7.21474682E-03     -1.41E-08
  C   S15              -1.61218552E-02      4.56E-08
  D   S1                2.09074645E-02     -3.04E-06
  D   S2               -1.63786213E-01      1.10E-05
  D   S3               -2.21677401E-04      1.19E-04
  D   S4                1.96067686E-02     -1.01E-05
  D   S5               -8.82654847E-02     -8.32E-06
  D   S6               -4.32643087E-02     -1.70E-06
  D   S7               -8.98306493E-03      6.80E-07
  D   S8               -4.82576413E-03     -6.95E-07
  D   S9               -9.09660585E-01      5.48E-07
  D   S10              -2.40743941E-01     -9.68E-07
  D   S11               2.21812981E-02      5.24E-08
  D   S12              -5.81133000E-03     -1.60E-08
  D   S13              -1.74748535E-03      3.33E-09
  D   S14               6.76376431E-04     -6.14E-10
  D   S15               2.66210867E-03      2.49E-09
  E   S1                3.58711078E-03      3.92E-06
  E   S2                1.97778045E-01      1.74E-05
  E   S3               -4.60155775E-11      2.46E-11
  E   S4                2.11160437E-01      2.60E-05
  E   S5                5.70890590E-03     -5.98E-06
  E   S6                2.08954713E-02     -1.21E-06
  E   S7               -7.74980112E-05      4.17E-07
  E   S8                1.30135014E-02     -4.70E-07
  E   S9                6.99024603E-01      2.82E-07
  E   S10               9.70408657E-02     -5.55E-07
  E   S11              -4.84377735E-03      1.67E-08
  E   S12               1.00841569E-03     -3.42E-09
  E   S13               1.57691821E-04      2.23E-10
  E   S14              -4.88563256E-05     -2.64E-11
  E   S15              -2.44169437E-04      1.30E-10
  F   S1               -5.40596110E-03      4.17E-06
  F   S2               -8.75929090E-02      2.17E-05
  F   S3               -1.92718230E-11      1.03E-11
  F   S4               -2.31961753E-01      3.89E-05
  F   S5               -1.02294814E-02      5.30E-06
  F   S6               -1.08942319E-02      2.18E-07
  F   S7               -6.64887852E-05      3.28E-07
  F   S8               -6.69807028E-05      8.20E-07
  F   S9               -3.01837280E-01      1.51E-07
  F   S10              -1.41972862E-02     -2.63E-07
  F   S11               5.61721414E-04      5.38E-09
  F   S12              -6.78765958E-05     -4.44E-10
  F   S13              -6.00168439E-06      1.91E-11
  F   S14               2.53576441E-06     -2.19E-12
  F   S15               1.15506051E-05      6.62E-12
  G   S1                3.36403210E-04      4.53E-06
  G   S2               -1.22384034E-05     -5.07E-05
  G   S3               -9.28062638E-12      4.97E-12
  G   S4                2.08591221E-05      4.97E-12
  G   S5               -4.16965142E-06      4.97E-12
  G   S6                1.81520889E-05     -1.11E-06
  G   S7               -3.99788001E-05      2.61E-07
  G   S8                2.44759962E-05      2.63E-07
  G   S9                5.55806636E-02      7.44E-08
  G   S10              -9.40877053E-05     -1.14E-07
  G   S11              -8.49792373E-08      1.85E-09
  G   S12              -5.04971126E-10     -6.26E-11
  G   S13              -1.98252399E-11      1.89E-12
  G   S14              -6.35590358E-08     -2.09E-13
  G   S15              -2.19718685E-07      4.54E-13
  THI S2                6.99218821E-02     -3.25E-05
  THI S3                1.00000000E-03     -1.18E-05
  THI S5                5.24618195E-02     -2.56E-04
  THI S7                3.07844391E-01      5.60E-06
  THI S9                1.62030684E-01     -2.09E-05
  THI S11               7.01384179E-02     -1.79E-04
  THI S13               5.26363698E-01     -7.74E-06
  THI S15               6.30293373E-01     -3.22E-04
  THI S17               1.89293373E-01     -3.22E-04
  
        EFL          REDU         PIM          OAL         EN PUP       EX PUP
      3.796997     0.000000     0.152417     5.281054     0.289643    -2.636097
  
  Active Constraints -   2:    target        value         diff        cost
  EFL                    =   3.79700E+00   3.79700E+00  -3.206E-06  -1.314E-04
  Mn CT S3                                                          -5.302E-05
  
  Weighted Constraints:        target        value        WTC/PTC     contrib
  @ATELIER_LATCOLOR      =   0.00000E+00   3.24594E-01   1.000E-02   1.054E+01
  @ATELIER_RMSSPOT       =   0.00000E+00   4.72827E+00   1.000E-03   2.236E+01
  
  Constraints released:   Mn CT S3 (>)
  
  Singular variable no. 17 will move only to satisfy constraints.
  Singular variable no. 32 will move only to satisfy constraints.
  Singular variable no. 47 will move only to satisfy constraints.
  Singular variable no. 62 will move only to satisfy constraints.
  Singular variable no. 77 will move only to satisfy constraints.
  Singular variable no. 92 will move only to satisfy constraints.
  Singular variable no.107 will move only to satisfy constraints.
  Singular variable no.108 will move only to satisfy constraints.
  Singular variable no.109 will move only to satisfy constraints.
  Constraints released:   Mn CT S3 (>)
  
  Singular variable no. 17 will move only to satisfy constraints.
  Singular variable no. 32 will move only to satisfy constraints.
  Singular variable no. 47 will move only to satisfy constraints.
  Singular variable no. 62 will move only to satisfy constraints.
  Singular variable no. 77 will move only to satisfy constraints.
  Singular variable no. 92 will move only to satisfy constraints.
  Singular variable no.107 will move only to satisfy constraints.
  Singular variable no.108 will move only to satisfy constraints.
  Singular variable no.109 will move only to satisfy constraints.
  
 CYCLE NUMBER 6:
  
  ABERR F. =        0.10041621
  CONST F. =       31.03904571
  ERR. F.  =       31.13946193       (change =       -1.85036338)
  
  OPD     0.02244246     0.12318531     0.05249981
  WAV     0.04086897     0.18929411     0.06755330
  
  
  
  Parameter                 Value            Change
  CUY S1                3.05403812E-01      8.99E-06
  CUY S2                3.15975228E-01      5.06E-05
  CUY S4                4.75820685E-01      4.06E-05
  CUY S5                6.20898669E-02      2.78E-06
  CUY S6                1.37103069E-01      3.50E-06
  CUY S7                2.74480052E-01     -3.41E-06
  CUY S8                3.54562034E-02     -5.99E-06
  CUY S9               -2.08612180E-01     -4.26E-06
  CUY S10              -5.69247388E-01     -3.65E-06
  CUY S11              -2.79893579E-01     -6.33E-06
  CUY S12               5.56331305E-01     -3.73E-06
  CUY S13               2.19621765E-01      3.08E-06
  CUY S14               5.93752187E-01     -2.03E-05
  CUY S15               9.58839958E-01     -4.76E-05
  A   S1               -2.02391219E-02      7.63E-07
  A   S2               -1.06365867E-01     -8.86E-07
  A   S3               -4.12789979E-05      0.00E+00
  A   S4               -1.12025732E-01      9.97E-07
  A   S5               -6.42175859E-02     -1.04E-06
  A   S6               -1.27135502E-02      6.76E-07
  A   S7                6.96257612E-03     -4.94E-07
  A   S8               -4.96413632E-02      1.28E-06
  A   S9               -9.86658816E-02     -1.70E-06
  A   S10              -7.60839320E-02     -8.11E-07
  A   S11              -1.52427343E-01     -1.40E-06
  A   S12               5.33152269E-02     -2.49E-07
  A   S13               6.37254163E-02      2.19E-07
  A   S14              -1.84755196E-01      3.09E-07
  A   S15              -1.34699892E-01     -3.78E-07
  B   S1                4.33591701E-02      8.18E-07
  B   S2                1.15564542E-01     -1.35E-06
  B   S3               -7.22866149E-05      0.00E+00
  B   S4                8.02899235E-02      1.55E-06
  B   S5               -1.08535424E-01     -1.22E-06
  B   S6               -1.24932504E-02      6.67E-07
  B   S7               -2.42374666E-03     -4.06E-07
  B   S8               -1.17775401E-02      6.52E-07
  B   S9               -2.32841472E-01     -6.67E-07
  B   S10               6.58804717E-02      2.14E-07
  B   S11               1.82251364E-01     -1.43E-07
  B   S12              -4.83930057E-02     -6.65E-08
  B   S13              -4.25843201E-02      5.64E-08
  B   S14               5.09795048E-02      6.36E-09
  B   S15               5.68267059E-02     -2.46E-08
  C   S1               -3.73731324E-02      8.86E-07
  C   S2                8.36915037E-03     -2.16E-06
  C   S3               -1.26586866E-04     -6.53E-12
  C   S4               -1.37419340E-01      2.43E-06
  C   S5                1.12312148E-01     -1.43E-06
  C   S6                3.92642303E-03      2.25E-06
  C   S7               -9.98428543E-03     -1.38E-06
  C   S8               -1.75019239E-02      4.22E-07
  C   S9                6.94491619E-01     -2.62E-07
  C   S10               2.22017823E-01      1.19E-06
  C   S11              -7.99418342E-02     -3.49E-08
  C   S12               1.92069141E-02     -2.05E-08
  C   S13               1.11020135E-02     -1.17E-08
  C   S14              -7.21474615E-03      6.61E-10
  C   S15              -1.61218568E-02     -1.63E-09
  D   S1                2.09083505E-02      8.86E-07
  D   S2               -1.63789726E-01     -3.51E-06
  D   S3               -2.21677389E-04      1.26E-11
  D   S4                1.96106023E-02      3.83E-06
  D   S5               -8.82713270E-02     -5.84E-06
  D   S6               -4.32635829E-02      7.26E-07
  D   S7               -8.98339256E-03     -3.28E-07
  D   S8               -4.82544731E-03      3.17E-07
  D   S9               -9.09660736E-01     -1.51E-07
  D   S10              -2.40743653E-01      2.87E-07
  D   S11               2.21812878E-02     -1.03E-08
  D   S12              -5.81132140E-03      8.60E-09
  D   S13              -1.74748588E-03     -5.23E-10
  D   S14               6.76376485E-04      5.36E-11
  D   S15               2.66210856E-03     -1.13E-10
  E   S1                3.58969264E-03      2.58E-06
  E   S2                1.97772186E-01     -5.86E-06
  E   S3               -4.60155738E-11      3.69E-18
  E   S4                2.11195166E-01      3.47E-05
  E   S5                5.70148217E-03     -7.42E-06
  E   S6                2.08961424E-02      6.71E-07
  E   S7               -7.77636986E-05     -2.66E-07
  E   S8                1.30137531E-02      2.52E-07
  E   S9                6.99024522E-01     -8.10E-08
  E   S10               9.70409544E-02      8.87E-08
  E   S11              -4.84378068E-03     -3.33E-09
  E   S12               1.00841641E-03      7.22E-10
  E   S13               1.57691781E-04     -4.06E-11
  E   S14              -4.88563208E-05      4.72E-12
  E   S15              -2.44169445E-04     -8.15E-12
  F   S1               -5.40296787E-03      2.99E-06
  F   S2               -8.76016499E-02     -8.74E-06
  F   S3               -1.92718251E-11     -2.09E-18
  F   S4               -2.31938068E-01      2.37E-05
  F   S5               -1.02320783E-02     -2.60E-06
  F   S6               -1.08891134E-02      5.12E-06
  F   S7               -6.67472392E-05     -2.58E-07
  F   S8               -6.71125696E-05     -1.32E-07
  F   S9               -3.01837326E-01     -4.53E-08
  F   S10              -1.41972449E-02      4.13E-08
  F   S11               5.61720278E-04     -1.14E-09
  F   S12              -6.78765030E-05      9.28E-11
  F   S13              -6.00168813E-06     -3.74E-12
  F   S14               2.53576486E-06      4.42E-13
  F   S15               1.15506045E-05     -6.13E-13
  G   S1                3.39875814E-04      3.47E-06
  G   S2               -1.01840021E-04     -8.96E-05
  G   S3               -9.28062702E-12     -6.46E-19
  G   S4                2.08591221E-05      6.77E-16
  G   S5               -4.16965142E-06     -2.60E-15
  G   S6                1.90061439E-05      8.54E-07
  G   S7               -4.02354236E-05     -2.57E-07
  G   S8                2.37838238E-05     -6.92E-07
  G   S9                5.55806385E-02     -2.51E-08
  G   S10              -9.40675626E-05      2.01E-08
  G   S11              -8.53851301E-08     -4.06E-10
  G   S12              -4.94716238E-10      1.03E-11
  G   S13              -2.02049397E-11     -3.80E-13
  G   S14              -6.35589927E-08      4.30E-14
  G   S15              -2.19718732E-07     -4.76E-14
  THI S2                6.99407721E-02      1.89E-05
  THI S3                1.03290053E-03      3.29E-05
  THI S5                5.24421819E-02     -1.96E-05
  THI S7                3.07842023E-01     -2.37E-06
  THI S9                1.62022906E-01     -7.78E-06
  THI S11               7.01141206E-02     -2.43E-05
  THI S13               5.26306237E-01     -5.75E-05
  THI S15               6.30311513E-01      1.81E-05
  THI S17               1.89311513E-01      1.81E-05
  
        EFL          REDU         PIM          OAL         EN PUP       EX PUP
      3.797000     0.000000     0.152478     5.281013     0.289664    -2.636127
  
  Active Constraints -   1:    target        value         diff        cost
  EFL                    =   3.79700E+00   3.79700E+00  -1.146E-12   5.821E-04
  
  Weighted Constraints:        target        value        WTC/PTC     contrib
  @ATELIER_LATCOLOR      =   0.00000E+00   3.23580E-01   1.000E-02   1.047E+01
  @ATELIER_RMSSPOT       =   0.00000E+00   4.53526E+00   1.000E-03   2.057E+01
  
  Constraints added:      Mn CT S3 (>)
  
  Singular variable no. 17 will move only to satisfy constraints.
  Singular variable no. 32 will move only to satisfy constraints.
  Singular variable no. 47 will move only to satisfy constraints.
  Singular variable no. 62 will move only to satisfy constraints.
  Singular variable no. 77 will move only to satisfy constraints.
  Singular variable no. 92 will move only to satisfy constraints.
  Singular variable no.107 will move only to satisfy constraints.
  Singular variable no.108 will move only to satisfy constraints.
  Singular variable no.109 will move only to satisfy constraints.
  
  Singular variable no. 17 will move only to satisfy constraints.
  Singular variable no. 32 will move only to satisfy constraints.
  Singular variable no. 47 will move only to satisfy constraints.
  Singular variable no. 62 will move only to satisfy constraints.
  Singular variable no. 77 will move only to satisfy constraints.
  Singular variable no. 92 will move only to satisfy constraints.
  Singular variable no.107 will move only to satisfy constraints.
  Singular variable no.108 will move only to satisfy constraints.
  Singular variable no.109 will move only to satisfy constraints.
  
 CYCLE NUMBER 7:
  
  ABERR F. =        0.09593398
  CONST F. =       30.59839628
  ERR. F.  =       30.69433026       (change =       -0.44513167)
  
  OPD     0.02307382     0.11728800     0.05180754
  WAV     0.04254014     0.17887358     0.06664575
  
  
  
  Parameter                 Value            Change
  CUY S1                3.05386258E-01     -1.76E-05
  CUY S2                3.16092832E-01      1.18E-04
  CUY S4                4.75966323E-01      1.46E-04
  CUY S5                6.20989318E-02      9.06E-06
  CUY S6                1.37110988E-01      7.92E-06
  CUY S7                2.74479794E-01     -2.58E-07
  CUY S8                3.54483465E-02     -7.86E-06
  CUY S9               -2.08608734E-01      3.45E-06
  CUY S10              -5.69245220E-01      2.17E-06
  CUY S11              -2.79905163E-01     -1.16E-05
  CUY S12               5.56310534E-01     -2.08E-05
  CUY S13               2.19604799E-01     -1.70E-05
  CUY S14               5.93794929E-01      4.27E-05
  CUY S15               9.58989138E-01      1.49E-04
  A   S1               -2.02406596E-02     -1.54E-06
  A   S2               -1.06364191E-01      1.68E-06
  A   S3               -4.12789978E-05      7.19E-14
  A   S4               -1.12027585E-01     -1.85E-06
  A   S5               -6.42155695E-02      2.02E-06
  A   S6               -1.27148550E-02     -1.30E-06
  A   S7                6.96358058E-03      1.00E-06
  A   S8               -4.96431932E-02     -1.83E-06
  A   S9               -9.86637365E-02      2.15E-06
  A   S10              -7.60810249E-02      2.91E-06
  A   S11              -1.52426331E-01      1.01E-06
  A   S12               5.33158668E-02      6.40E-07
  A   S13               6.37248956E-02     -5.21E-07
  A   S14              -1.84755939E-01     -7.43E-07
  A   S15              -1.34699250E-01      6.43E-07
  B   S1                4.33685234E-02      9.35E-06
  B   S2                1.15566951E-01      2.41E-06
  B   S3               -7.22866147E-05      1.87E-13
  B   S4                8.02873258E-02     -2.60E-06
  B   S5               -1.08533238E-01      2.19E-06
  B   S6               -1.24944094E-02     -1.16E-06
  B   S7               -2.42303616E-03      7.10E-07
  B   S8               -1.17785216E-02     -9.82E-07
  B   S9               -2.32840415E-01      1.06E-06
  B   S10               6.58781139E-02     -2.36E-06
  B   S11               1.82251672E-01      3.09E-07
  B   S12              -4.83928666E-02      1.39E-07
  B   S13              -4.25845298E-02     -2.10E-07
  B   S14               5.09795630E-02      5.83E-08
  B   S15               5.68267553E-02      4.94E-08
  C   S1               -3.73616726E-02      1.15E-05
  C   S2                8.37279487E-03      3.64E-06
  C   S3               -1.26586866E-04      2.92E-13
  C   S4               -1.37423077E-01     -3.74E-06
  C   S5                1.12314887E-01      2.74E-06
  C   S6                3.92461932E-03     -1.80E-06
  C   S7               -9.98348061E-03      8.05E-07
  C   S8               -1.75025963E-02     -6.72E-07
  C   S9                6.94492071E-01      4.51E-07
  C   S10               2.22026555E-01      8.73E-06
  C   S11              -7.99417527E-02      8.15E-08
  C   S12               1.92069467E-02      3.26E-08
  C   S13               1.11019579E-02     -5.56E-08
  C   S14              -7.21474772E-03     -1.57E-09
  C   S15              -1.61218532E-02      3.60E-09
  D   S1                2.09220291E-02      1.37E-05
  D   S2               -1.63784088E-01      5.64E-06
  D   S3               -2.21677388E-04      5.53E-13
  D   S4                1.96045194E-02     -6.08E-06
  D   S5               -8.82672054E-02      4.12E-06
  D   S6               -4.32646861E-02     -1.10E-06
  D   S7               -8.98294827E-03      4.44E-07
  D   S8               -4.82589326E-03     -4.46E-07
  D   S9               -9.09660477E-01      2.59E-07
  D   S10              -2.40742248E-01      1.41E-06
  D   S11               2.21813118E-02      2.40E-08
  D   S12              -5.81140803E-03     -8.66E-08
  D   S13              -1.74748838E-03     -2.50E-09
  D   S14               6.76376358E-04     -1.27E-10
  D   S15               2.66210882E-03      2.60E-10
  E   S1                3.58559453E-03     -4.10E-06
  E   S2                1.97790642E-01      1.85E-05
  E   S3               -4.60155738E-11      0.00E+00
  E   S4                2.11186287E-01     -8.88E-06
  E   S5                5.70539771E-03      3.92E-06
  E   S6                2.08952065E-02     -9.36E-07
  E   S7               -7.74485760E-05      3.15E-07
  E   S8                1.30134468E-02     -3.06E-07
  E   S9                6.99024659E-01      1.37E-07
  E   S10               9.70414406E-02      4.86E-07
  E   S11              -4.84377310E-03      7.58E-09
  E   S12               1.00841963E-03      3.22E-09
  E   S13               1.57691571E-04     -2.10E-10
  E   S14              -4.88563319E-05     -1.11E-11
  E   S15              -2.44169426E-04      1.91E-11
  F   S1               -5.40732581E-03     -4.36E-06
  F   S2               -8.75748587E-02      2.68E-05
  F   S3               -1.92718251E-11      0.00E+00
  F   S4               -2.31947641E-01     -9.57E-06
  F   S5               -1.02286138E-02      3.46E-06
  F   S6               -1.08898267E-02     -7.13E-07
  F   S7               -6.65025741E-05      2.45E-07
  F   S8               -6.90358105E-05     -1.92E-06
  F   S9               -3.01837251E-01      7.48E-08
  F   S10              -1.41970221E-02      2.23E-07
  F   S11               5.61722788E-04      2.51E-09
  F   S12              -6.78761460E-05      3.57E-10
  F   S13              -6.00170870E-06     -2.06E-11
  F   S14               2.53576383E-06     -1.02E-12
  F   S15               1.15506059E-05      1.44E-12
  G   S1                3.35237637E-04     -4.64E-06
  G   S2               -7.14078369E-05      3.04E-05
  G   S3               -9.28062700E-12      1.98E-20
  G   S4                2.08591221E-05     -3.83E-17
  G   S5               -4.16965142E-06      1.86E-16
  G   S6                1.81597811E-05     -8.46E-07
  G   S7               -4.00459587E-05      1.89E-07
  G   S8                2.42276484E-05      4.44E-07
  G   S9                5.55806789E-02      4.04E-08
  G   S10              -9.39554867E-05      1.12E-07
  G   S11              -8.45152545E-08      8.70E-10
  G   S12              -4.45530431E-10      4.92E-11
  G   S13              -2.23889533E-11     -2.18E-12
  G   S14              -6.35590915E-08     -9.87E-14
  G   S15              -2.19718620E-07      1.12E-13
  THI S2                6.98490747E-02     -9.17E-05
  THI S3                1.00000000E-03     -3.29E-05
  THI S5                5.24127609E-02     -2.94E-05
  THI S7                3.07829009E-01     -1.30E-05
  THI S9                1.62039498E-01      1.66E-05
  THI S11               7.01359014E-02      2.18E-05
  THI S13               5.26373414E-01      6.72E-05
  THI S15               6.30166568E-01     -1.45E-04
  THI S17               1.89166568E-01     -1.45E-04
  
        EFL          REDU         PIM          OAL         EN PUP       EX PUP
      3.797000     0.000000     0.152540     5.280806     0.289564    -2.635799
  
  Active Constraints -   2:    target        value         diff        cost
  EFL                    =   3.79700E+00   3.79700E+00  -4.450E-12   5.718E-04
  Mn CT S3                                                           1.192E-04
  
  Weighted Constraints:        target        value        WTC/PTC     contrib
  @ATELIER_LATCOLOR      =   0.00000E+00   3.19821E-01   1.000E-02   1.023E+01
  @ATELIER_RMSSPOT       =   0.00000E+00   4.51330E+00   1.000E-03   2.037E+01
  
  Singular variable no. 17 will move only to satisfy constraints.
  Singular variable no. 32 will move only to satisfy constraints.
  Singular variable no. 47 will move only to satisfy constraints.
  Singular variable no. 62 will move only to satisfy constraints.
  Singular variable no. 77 will move only to satisfy constraints.
  Singular variable no. 92 will move only to satisfy constraints.
  Singular variable no.107 will move only to satisfy constraints.
  Singular variable no.108 will move only to satisfy constraints.
  Singular variable no.109 will move only to satisfy constraints.
  
  Constraints released:   Mn CT S3 (>)
  
  Singular variable no. 17 will move only to satisfy constraints.
  Singular variable no. 32 will move only to satisfy constraints.
  Singular variable no. 47 will move only to satisfy constraints.
  Singular variable no. 62 will move only to satisfy constraints.
  Singular variable no. 77 will move only to satisfy constraints.
  Singular variable no. 92 will move only to satisfy constraints.
  Singular variable no.107 will move only to satisfy constraints.
  Singular variable no.108 will move only to satisfy constraints.
  Singular variable no.109 will move only to satisfy constraints.
  
 CYCLE NUMBER 8:
  
  ABERR F. =        0.09843459
  CONST F. =       29.04289427
  ERR. F.  =       29.14132886       (change =       -1.55300140)
  
  OPD     0.02287999     0.11762784     0.05661326
  WAV     0.03989750     0.18405977     0.07142508
  
  
  
  Parameter                 Value            Change
  CUY S1                3.05390537E-01      4.28E-06
  CUY S2                3.16156838E-01      6.40E-05
  CUY S4                4.76024906E-01      5.86E-05
  CUY S5                6.20984763E-02     -4.55E-07
  CUY S6                1.37111090E-01      1.02E-07
  CUY S7                2.74474511E-01     -5.28E-06
  CUY S8                3.54420182E-02     -6.33E-06
  CUY S9               -2.08611311E-01     -2.58E-06
  CUY S10              -5.69246418E-01     -1.20E-06
  CUY S11              -2.79909955E-01     -4.79E-06
  CUY S12               5.56309206E-01     -1.33E-06
  CUY S13               2.19611598E-01      6.80E-06
  CUY S14               5.93764811E-01     -3.01E-05
  CUY S15               9.58924597E-01     -6.45E-05
  A   S1               -2.02387859E-02      1.87E-06
  A   S2               -1.06366466E-01     -2.28E-06
  A   S3               -4.12789978E-05      0.00E+00
  A   S4               -1.12025073E-01      2.51E-06
  A   S5               -6.42180648E-02     -2.50E-06
  A   S6               -1.27133616E-02      1.49E-06
  A   S7                6.96255130E-03     -1.03E-06
  A   S8               -4.96422598E-02      9.33E-07
  A   S9               -9.86695366E-02     -5.80E-06
  A   S10              -7.60820098E-02     -9.85E-07
  A   S11              -1.52428095E-01     -1.76E-06
  A   S12               5.33154414E-02     -4.25E-07
  A   S13               6.37252959E-02      4.00E-07
  A   S14              -1.84755717E-01      2.22E-07
  A   S15              -1.34700093E-01     -8.43E-07
  B   S1                4.33741485E-02      5.63E-06
  B   S2                1.15563141E-01     -3.81E-06
  B   S3               -7.22866047E-05      9.97E-12
  B   S4                8.02913098E-02      3.98E-06
  B   S5               -1.08535961E-01     -2.72E-06
  B   S6               -1.24929627E-02      1.45E-06
  B   S7               -2.42389883E-03     -8.63E-07
  B   S8               -1.17780490E-02      4.73E-07
  B   S9               -2.32842100E-01     -1.68E-06
  B   S10               6.58770860E-02     -1.03E-06
  B   S11               1.82251381E-01     -2.91E-07
  B   S12              -4.83929903E-02     -1.24E-07
  B   S13              -4.25844648E-02      6.50E-08
  B   S14               5.09795849E-02      2.18E-08
  B   S15               5.68267029E-02     -5.24E-08
  C   S1               -3.73494471E-02      1.22E-05
  C   S2                8.36596118E-03     -6.83E-06
  C   S3               -1.26586860E-04      5.77E-12
  C   S4               -1.37416709E-01      6.37E-06
  C   S5                1.12313734E-01     -1.15E-06
  C   S6                3.92531089E-03      6.92E-07
  C   S7               -9.98381765E-03     -3.37E-07
  C   S8               -1.75022665E-02      3.30E-07
  C   S9                6.94491371E-01     -7.00E-07
  C   S10               2.22025342E-01     -1.21E-06
  C   S11              -7.99418201E-02     -6.74E-08
  C   S12               1.92069007E-02     -4.61E-08
  C   S13               1.11019714E-02      1.35E-08
  C   S14              -7.21474646E-03      1.27E-09
  C   S15              -1.61218565E-02     -3.27E-09
  D   S1                2.09155650E-02     -6.46E-06
  D   S2               -1.63796928E-01     -1.28E-05
  D   S3               -2.21677365E-04      2.34E-11
  D   S4                1.96074920E-02      2.97E-06
  D   S5               -8.82688489E-02     -1.64E-06
  D   S6               -4.32641453E-02      5.41E-07
  D   S7               -8.98318284E-03     -2.35E-07
  D   S8               -4.82565796E-03      2.35E-07
  D   S9               -9.09660591E-01     -1.14E-07
  D   S10              -2.40741495E-01      7.53E-07
  D   S11               2.21812923E-02     -1.95E-08
  D   S12              -5.81140305E-03      4.98E-09
  D   S13              -1.74748959E-03     -1.21E-09
  D   S14               6.76376460E-04      1.02E-10
  D   S15               2.66210860E-03     -2.19E-10
  E   S1                3.58859151E-03      3.00E-06
  E   S2                1.97782810E-01     -7.83E-06
  E   S3               -4.60155568E-11      1.69E-17
  E   S4                2.11190874E-01      4.59E-06
  E   S5                5.70359682E-03     -1.80E-06
  E   S6                2.08957238E-02      5.17E-07
  E   S7               -7.76398893E-05     -1.91E-07
  E   S8                1.30136227E-02      1.76E-07
  E   S9                6.99024599E-01     -6.04E-08
  E   S10               9.70416674E-02      2.27E-07
  E   S11              -4.84377941E-03     -6.31E-09
  E   S12               1.00842199E-03      2.36E-09
  E   S13               1.57691480E-04     -9.03E-11
  E   S14              -4.88563229E-05      9.02E-12
  E   S15              -2.44169442E-04     -1.56E-11
  F   S1               -5.40397136E-03      3.35E-06
  F   S2               -8.75873405E-02     -1.25E-05
  F   S3               -1.92718239E-11      1.21E-18
  F   S4               -2.31942210E-01      5.43E-06
  F   S5               -1.02304556E-02     -1.84E-06
  F   S6               -1.08893881E-02      4.39E-07
  F   S7               -6.66709730E-05     -1.68E-07
  F   S8               -6.87696759E-05      2.66E-07
  F   S9               -3.01837284E-01     -3.34E-08
  F   S10              -1.41969263E-02      9.58E-08
  F   S11               5.61720615E-04     -2.17E-09
  F   S12              -6.78759594E-05      1.87E-10
  F   S13              -6.00171704E-06     -8.34E-12
  F   S14               2.53576468E-06      8.47E-13
  F   S15               1.15506048E-05     -1.16E-12
  G   S1                3.38974088E-04      3.74E-06
  G   S2               -1.68564193E-04     -9.72E-05
  G   S3               -9.28062604E-12      9.64E-19
  G   S4                2.08591221E-05      3.95E-16
  G   S5               -4.16965142E-06     -1.86E-15
  G   S6                1.87353662E-05      5.76E-07
  G   S7               -4.01927447E-05     -1.47E-07
  G   S8                2.36314461E-05     -5.96E-07
  G   S9                5.55806603E-02     -1.86E-08
  G   S10              -9.39097214E-05      4.58E-08
  G   S11              -8.52951540E-08     -7.80E-10
  G   S12              -4.21690241E-10      2.38E-11
  G   S13              -2.32420989E-11     -8.53E-13
  G   S14              -6.35590086E-08      8.29E-14
  G   S15              -2.19718710E-07     -8.99E-14
  THI S2                6.98658329E-02      1.68E-05
  THI S3                1.09714474E-03      9.71E-05
  THI S5                5.23995306E-02     -1.32E-05
  THI S7                3.07823894E-01     -5.12E-06
  THI S9                1.62031073E-01     -8.43E-06
  THI S11               7.01113681E-02     -2.45E-05
  THI S13               5.26326858E-01     -4.66E-05
  THI S15               6.30183987E-01      1.74E-05
  THI S17               1.89183987E-01      1.74E-05
  
        EFL          REDU         PIM          OAL         EN PUP       EX PUP
      3.797000     0.000000     0.152592     5.280840     0.289582    -2.635881
  
  Active Constraints -   1:    target        value         diff        cost
  EFL                    =   3.79700E+00   3.79700E+00  -4.530E-14   3.711E-04
  
  Weighted Constraints:        target        value        WTC/PTC     contrib
  @ATELIER_LATCOLOR      =   0.00000E+00   3.18840E-01   1.000E-02   1.017E+01
  @ATELIER_RMSSPOT       =   0.00000E+00   4.34477E+00   1.000E-03   1.888E+01
  
  Singular variable no. 17 will move only to satisfy constraints.
  Singular variable no. 32 will move only to satisfy constraints.
  Singular variable no. 47 will move only to satisfy constraints.
  Singular variable no. 62 will move only to satisfy constraints.
  Singular variable no. 77 will move only to satisfy constraints.
  Singular variable no. 92 will move only to satisfy constraints.
  Singular variable no.107 will move only to satisfy constraints.
  Singular variable no.108 will move only to satisfy constraints.
  Singular variable no.109 will move only to satisfy constraints.
  
  Singular variable no. 17 will move only to satisfy constraints.
  Singular variable no. 32 will move only to satisfy constraints.
  Singular variable no. 47 will move only to satisfy constraints.
  Singular variable no. 62 will move only to satisfy constraints.
  Singular variable no. 77 will move only to satisfy constraints.
  Singular variable no. 92 will move only to satisfy constraints.
  Singular variable no.107 will move only to satisfy constraints.
  Singular variable no.108 will move only to satisfy constraints.
  
 CYCLE NUMBER 9:
  
  ABERR F. =        0.09760333
  CONST F. =       28.63308321
  ERR. F.  =       28.73068654       (change =       -0.41064232)
  
  OPD     0.02285093     0.11611160     0.05780536
  WAV     0.04026353     0.18146297     0.07254631
  
  
  
  Parameter                 Value            Change
  CUY S1                3.05389763E-01     -7.73E-07
  CUY S2                3.16257552E-01      1.01E-04
  CUY S4                4.76116885E-01      9.20E-05
  CUY S5                6.20888553E-02     -9.62E-06
  CUY S6                1.37101373E-01     -9.72E-06
  CUY S7                2.74456325E-01     -1.82E-05
  CUY S8                3.54336752E-02     -8.34E-06
  CUY S9               -2.08610893E-01      4.18E-07
  CUY S10              -5.69246253E-01      1.65E-07
  CUY S11              -2.79914104E-01     -4.15E-06
  CUY S12               5.56303772E-01     -5.43E-06
  CUY S13               2.19609020E-01     -2.58E-06
  CUY S14               5.93772360E-01      7.55E-06
  CUY S15               9.58958847E-01      3.42E-05
  A   S1               -2.02391063E-02     -3.20E-07
  A   S2               -1.06366088E-01      3.78E-07
  A   S3               -4.12789978E-05      0.00E+00
  A   S4               -1.12025494E-01     -4.21E-07
  A   S5               -6.42176333E-02      4.32E-07
  A   S6               -1.27136216E-02     -2.60E-07
  A   S7                6.96273426E-03      1.83E-07
  A   S8               -4.96424161E-02     -1.56E-07
  A   S9               -9.86688394E-02      6.97E-07
  A   S10              -7.60816085E-02      4.01E-07
  A   S11              -1.52430285E-01     -2.19E-06
  A   S12               5.33155384E-02      9.69E-08
  A   S13               6.37252044E-02     -9.14E-08
  A   S14              -1.84754316E-01      1.40E-06
  A   S15              -1.34699969E-01      1.24E-07
  B   S1                4.33733340E-02     -8.15E-07
  B   S2                1.15563747E-01      6.06E-07
  B   S3               -7.22866047E-05      0.00E+00
  B   S4                8.02906641E-02     -6.46E-07
  B   S5               -1.08535492E-01      4.69E-07
  B   S6               -1.24932112E-02     -2.49E-07
  B   S7               -2.42375009E-03      1.49E-07
  B   S8               -1.17781299E-02     -8.09E-08
  B   S9               -2.32841834E-01      2.66E-07
  B   S10               6.58777780E-02      6.92E-07
  B   S11               1.82251430E-01      4.86E-08
  B   S12              -4.83929655E-02      2.49E-08
  B   S13              -4.25844767E-02     -1.20E-08
  B   S14               5.09795808E-02     -4.09E-09
  B   S15               5.68267115E-02      8.67E-09
  C   S1               -3.73511326E-02     -1.69E-06
  C   S2                8.36699294E-03      1.03E-06
  C   S3               -1.26586870E-04     -9.68E-12
  C   S4               -1.37417711E-01     -1.00E-06
  C   S5                1.12313936E-01      2.02E-07
  C   S6                3.92519146E-03     -1.19E-07
  C   S7               -9.98375991E-03      5.77E-08
  C   S8               -1.75023225E-02     -5.60E-08
  C   S9                6.94491488E-01      1.17E-07
  C   S10               2.22028588E-01      3.25E-06
  C   S11              -7.99418078E-02      1.22E-08
  C   S12               1.92069092E-02      8.50E-09
  C   S13               1.11019373E-02     -3.41E-08
  C   S14              -7.21474669E-03     -2.37E-10
  C   S15              -1.61218559E-02      5.83E-10
  D   S1                2.09273389E-02      1.18E-05
  D   S2               -1.63795115E-01      1.81E-06
  D   S3               -2.21677365E-04      0.00E+00
  D   S4                1.96069862E-02     -5.06E-07
  D   S5               -8.82685645E-02      2.84E-07
  D   S6               -4.32642378E-02     -9.25E-08
  D   S7               -8.98314334E-03      3.95E-08
  D   S8               -4.82569740E-03     -3.94E-08
  D   S9               -9.09660571E-01      1.99E-08
  D   S10              -2.40739386E-01      2.11E-06
  D   S11               2.21812959E-02      3.60E-09
  D   S12              -5.81139421E-03      8.84E-09
  D   S13              -1.74749187E-03     -2.28E-09
  D   S14               6.76376441E-04     -1.91E-11
  D   S15               2.66210864E-03      4.03E-11
  E   S1                3.58810728E-03     -4.84E-07
  E   S2                1.97784073E-01      1.26E-06
  E   S3               -4.60155568E-11      0.00E+00
  E   S4                2.11190101E-01     -7.73E-07
  E   S5                5.70390455E-03      3.08E-07
  E   S6                2.08956367E-02     -8.72E-08
  E   S7               -7.76083830E-05      3.15E-08
  E   S8                1.30135937E-02     -2.90E-08
  E   S9                6.99024609E-01      1.05E-08
  E   S10               9.70422637E-02      5.96E-07
  E   S11              -4.84377825E-03      1.16E-09
  E   S12               1.00842737E-03      5.38E-09
  E   S13               1.57691498E-04      1.73E-11
  E   S14              -4.88563246E-05     -1.69E-12
  E   S15              -2.44169439E-04      2.90E-12
  F   S1               -5.40450958E-03     -5.38E-07
  F   S2               -8.75853445E-02      2.00E-06
  F   S3               -1.92718257E-11     -1.78E-18
  F   S4               -2.31943129E-01     -9.19E-07
  F   S5               -1.02301441E-02      3.12E-07
  F   S6               -1.08894614E-02     -7.33E-08
  F   S7               -6.66440149E-05      2.70E-08
  F   S8               -6.88090781E-05     -3.94E-08
  F   S9               -3.01837278E-01      5.82E-09
  F   S10              -1.41969444E-02     -1.81E-08
  F   S11               5.61721015E-04      3.99E-10
  F   S12              -6.78755999E-05      3.59E-10
  F   S13              -6.00171545E-06      1.59E-12
  F   S14               2.53576452E-06     -1.58E-13
  F   S15               1.15506050E-05      2.18E-13
  G   S1                3.38377301E-04     -5.97E-07
  G   S2               -1.51663993E-04      1.69E-05
  G   S3               -9.28062604E-12      0.00E+00
  G   S4                2.08591221E-05     -3.36E-15
  G   S5                5.69386661E-06      9.86E-06
  G   S6                1.86426290E-05     -9.27E-08
  G   S7               -4.01699075E-05      2.28E-08
  G   S8                2.44262066E-05      7.95E-07
  G   S9                5.55806635E-02      3.22E-09
  G   S10              -9.39183632E-05     -8.64E-09
  G   S11              -8.51527160E-08      1.42E-10
  G   S12              -3.75004455E-10      4.67E-11
  G   S13              -2.30794634E-11      1.63E-13
  G   S14              -6.35590241E-08     -1.55E-14
  G   S15              -2.19718693E-07      1.69E-14
  THI S2                6.97823874E-02     -8.34E-05
  THI S3                1.08481307E-03     -1.23E-05
  THI S5                5.23833231E-02     -1.62E-05
  THI S7                3.07824797E-01      9.04E-07
  THI S9                1.62032477E-01      1.40E-06
  THI S11               7.00806362E-02     -3.07E-05
  THI S13               5.26334245E-01      7.39E-06
  THI S15               6.30104277E-01     -7.97E-05
  THI S17               1.89104277E-01     -7.97E-05
  
        EFL          REDU         PIM          OAL         EN PUP       EX PUP
      3.797000     0.000000     0.152685     5.280627     0.289492    -2.635719
  
  Active Constraints -   1:    target        value         diff        cost
  EFL                    =   3.79700E+00   3.79700E+00   1.035E-13   9.497E-04
  
  Weighted Constraints:        target        value        WTC/PTC     contrib
  @ATELIER_LATCOLOR      =   0.00000E+00   3.16045E-01   1.000E-02   9.988E+00
  @ATELIER_RMSSPOT       =   0.00000E+00   4.31795E+00   1.000E-03   1.864E+01
  
  Singular variable no. 17 will move only to satisfy constraints.
  Singular variable no. 32 will move only to satisfy constraints.
  Singular variable no. 47 will move only to satisfy constraints.
  Singular variable no. 62 will move only to satisfy constraints.
  Singular variable no. 77 will move only to satisfy constraints.
  Singular variable no. 92 will move only to satisfy constraints.
  Singular variable no.107 will move only to satisfy constraints.
  Singular variable no.108 will move only to satisfy constraints.
  Singular variable no.109 will move only to satisfy constraints.
  
  Singular variable no. 17 will move only to satisfy constraints.
  Singular variable no. 32 will move only to satisfy constraints.
  Singular variable no. 47 will move only to satisfy constraints.
  Singular variable no. 62 will move only to satisfy constraints.
  Singular variable no. 77 will move only to satisfy constraints.
  Singular variable no. 92 will move only to satisfy constraints.
  Singular variable no.107 will move only to satisfy constraints.
  Singular variable no.108 will move only to satisfy constraints.
  
 CYCLE NUMBER 10:
  
  ABERR F. =        0.09807049
  CONST F. =       28.62631781
  ERR. F.  =       28.72438829       (change =       -0.00629825)
  
  OPD     0.02294160     0.11643404     0.05825344
  WAV     0.03993408     0.18246771     0.07308253
  
  
  
  Parameter                 Value            Change
  CUY S1                3.05388091E-01     -1.67E-06
  CUY S2                3.16255241E-01     -2.31E-06
  CUY S4                4.76116289E-01     -5.97E-07
  CUY S5                6.20893274E-02      4.72E-07
  CUY S6                1.37101458E-01      8.52E-08
  CUY S7                2.74456207E-01     -1.19E-07
  CUY S8                3.54337163E-02      4.10E-08
  CUY S9               -2.08611160E-01     -2.68E-07
  CUY S10              -5.69246239E-01      1.41E-08
  CUY S11              -2.79914132E-01     -2.75E-08
  CUY S12               5.56303914E-01      1.42E-07
  CUY S13               2.19609422E-01      4.02E-07
  CUY S14               5.93771378E-01     -9.82E-07
  CUY S15               9.58955540E-01     -3.31E-06
  A   S1               -2.02391614E-02     -5.52E-08
  A   S2               -1.06365636E-01      4.52E-07
  A   S3               -4.12789978E-05      0.00E+00
  A   S4               -1.12025075E-01      4.18E-07
  A   S5               -6.42182571E-02     -6.24E-07
  A   S6               -1.27133125E-02      3.09E-07
  A   S7                6.96254309E-03     -1.91E-07
  A   S8               -4.96428812E-02     -4.65E-07
  A   S9               -9.86692264E-02     -3.87E-07
  A   S10              -7.60816714E-02     -6.29E-08
  A   S11              -1.52430252E-01      3.33E-08
  A   S12               5.33154998E-02     -3.86E-08
  A   S13               6.37252412E-02      3.68E-08
  A   S14              -1.84754322E-01     -5.84E-09
  A   S15              -1.34700111E-01     -1.42E-07
  B   S1                4.33739397E-02      6.06E-07
  B   S2                1.15564648E-01      9.01E-07
  B   S3               -7.22866047E-05      0.00E+00
  B   S4                8.02915704E-02      9.06E-07
  B   S5               -1.08535967E-01     -4.75E-07
  B   S6               -1.24929856E-02      2.26E-07
  B   S7               -2.42388433E-03     -1.34E-07
  B   S8               -1.17785744E-02     -4.44E-07
  B   S9               -2.32842222E-01     -3.89E-07
  B   S10               6.58777111E-02     -6.69E-08
  B   S11               1.82251371E-01     -5.89E-08
  B   S12              -4.83929761E-02     -1.06E-08
  B   S13              -4.25844645E-02      1.22E-08
  B   S14               5.09795837E-02      2.87E-09
  B   S15               5.68267019E-02     -9.65E-09
  C   S1               -3.73509001E-02      2.32E-07
  C   S2                8.36813181E-03      1.14E-06
  C   S3               -1.26586870E-04      0.00E+00
  C   S4               -1.37416284E-01      1.43E-06
  C   S5                1.12313325E-01     -6.11E-07
  C   S6                3.92549915E-03      3.08E-07
  C   S7               -9.98396435E-03     -2.04E-07
  C   S8               -1.75026124E-02     -2.90E-07
  C   S9                6.94491322E-01     -1.66E-07
  C   S10               2.22028573E-01     -1.52E-08
  C   S11              -7.99418196E-02     -1.18E-08
  C   S12               1.92069076E-02     -1.60E-09
  C   S13               1.11019381E-02      8.16E-10
  C   S14              -7.21474650E-03      1.93E-10
  C   S15              -1.61218564E-02     -5.48E-10
  D   S1                2.09272986E-02     -4.03E-08
  D   S2               -1.63793617E-01      1.50E-06
  D   S3               -2.21677365E-04      0.00E+00
  D   S4                1.96051866E-02     -1.80E-06
  D   S5               -8.82692455E-02     -6.81E-07
  D   S6               -4.32637671E-02      4.71E-07
  D   S7               -8.98316306E-03     -1.97E-08
  D   S8               -4.82567649E-03      2.09E-08
  D   S9               -9.09660680E-01     -1.09E-07
  D   S10              -2.40739396E-01     -9.39E-09
  D   S11               2.21812927E-02     -3.16E-09
  D   S12              -5.81139428E-03     -7.44E-11
  D   S13              -1.74749175E-03      1.16E-10
  D   S14               6.76376456E-04      1.52E-11
  D   S15               2.66210861E-03     -3.43E-11
  E   S1                3.58736384E-03     -7.43E-07
  E   S2                1.97785361E-01      1.29E-06
  E   S3               -4.60155568E-11      0.00E+00
  E   S4                2.11187174E-01     -2.93E-06
  E   S5                5.70377019E-03     -1.34E-07
  E   S6                2.08956806E-02      4.39E-08
  E   S7               -7.76262838E-05     -1.79E-08
  E   S8                1.30136102E-02      1.65E-08
  E   S9                6.99024549E-01     -5.98E-08
  E   S10               9.70422563E-02     -7.43E-09
  E   S11              -4.84377923E-03     -9.80E-10
  E   S12               1.00842735E-03     -2.39E-11
  E   S13               1.57691485E-04     -1.25E-11
  E   S14              -4.88563232E-05      1.33E-12
  E   S15              -2.44169441E-04     -2.36E-12
  F   S1               -5.40537659E-03     -8.67E-07
  F   S2               -8.75835292E-02      1.82E-06
  F   S3               -1.92718257E-11      0.00E+00
  F   S4               -2.31947259E-01     -4.13E-06
  F   S5               -1.02302926E-02     -1.49E-07
  F   S6               -1.08894209E-02      4.05E-08
  F   S7               -6.66620279E-05     -1.80E-08
  F   S8               -6.87825340E-05      2.65E-08
  F   S9               -3.01837312E-01     -3.35E-08
  F   S10              -1.41969294E-02      1.50E-08
  F   S11               5.61720686E-04     -3.29E-10
  F   S12              -6.78756075E-05     -7.58E-12
  F   S13              -6.00171656E-06     -1.11E-12
  F   S14               2.53576464E-06      1.23E-13
  F   S15               1.15506048E-05     -1.73E-13
  G   S1                3.37333563E-04     -1.04E-06
  G   S2               -2.34857112E-04     -8.32E-05
  G   S3               -9.28062604E-12      0.00E+00
  G   S4                2.08591221E-05      0.00E+00
  G   S5                6.90600817E-06      1.21E-06
  G   S6                1.87018738E-05      5.92E-08
  G   S7               -4.01884892E-05     -1.86E-08
  G   S8                2.44237998E-05     -2.41E-09
  G   S9                5.55806435E-02     -2.00E-08
  G   S10              -9.39117629E-05      6.60E-09
  G   S11              -8.52691787E-08     -1.16E-10
  G   S12              -3.76493733E-10     -1.49E-12
  G   S13              -2.31899837E-11     -1.11E-13
  G   S14              -6.35590121E-08      1.20E-14
  G   S15              -2.19718706E-07     -1.32E-14
  THI S2                6.97826246E-02      2.37E-07
  THI S3                1.08592018E-03      1.11E-06
  THI S5                5.23824131E-02     -9.10E-07
  THI S7                3.07824093E-01     -7.04E-07
  THI S9                1.62031499E-01     -9.77E-07
  THI S11               7.00795473E-02     -1.09E-06
  THI S13               5.26330500E-01     -3.74E-06
  THI S15               6.30103771E-01     -5.06E-07
  THI S17               1.89103771E-01     -5.06E-07
  
        EFL          REDU         PIM          OAL         EN PUP       EX PUP
      3.797000     0.000000     0.152692     5.280620     0.289493    -2.635719
  
  Active Constraints -   1:    target        value         diff        cost
  EFL                    =   3.79700E+00   3.79700E+00  -1.311E-12   3.587E-04
  
  Weighted Constraints:        target        value        WTC/PTC     contrib
  @ATELIER_LATCOLOR      =   0.00000E+00   3.15976E-01   1.000E-02   9.984E+00
  @ATELIER_RMSSPOT       =   0.00000E+00   4.31767E+00   1.000E-03   1.864E+01
  
     Normal AUTO Completion - System improvement less than IMP
AUT> GO
 
 
CODE V> BUF PUT B1 I^row J1 "schema"
      Created new worksheet B1.
CODE V> BUF PUT B1 I^row J2 "atelier-codev-target-v1"
CODE V> BUF PUT B1 I^row J1 "status"
CODE V> BUF PUT B1 I^row J2 "ok"
CODE V> BUF PUT B1 I^row J1 "mode"
CODE V> BUF PUT B1 I^row J2 "target"
CODE V> BUF PUT B1 I^row J1 "stage"
CODE V> BUF PUT B1 I^row J2 "A"
CODE V> BUF PUT B1 I^row J1 "source_zmx"
CODE V> BUF PUT B1 I^row J2 "US20170003482A1.zmx"
CODE V> BUF PUT B1 I^row J1 "num_fields"
CODE V> BUF PUT B1 I^row J2 ^numf_out
CODE V> BUF PUT B1 I^row J1 "vignetting_edge"
CODE V> BUF PUT B1 I^row J2 0
CODE V> BUF PUT B1 I^row J1 "target.efl_mm"
CODE V> BUF PUT B1 I^row J2 ^target_efl
CODE V> BUF PUT B1 I^row J1 "seed_baseline.efl_y_mm"
CODE V> BUF PUT B1 I^row J2 ^seed_baseline_efl_y_mm
CODE V> BUF PUT B1 I^row J1 "seed_baseline.max_lateral_color_um"
CODE V> BUF PUT B1 I^row J2 ^seed_baseline_max_lateral_color_um
CODE V> BUF PUT B1 I^row J1 "seed_baseline.max_rms_spot_diameter_um"
CODE V> BUF PUT B1 I^row J2 ^seed_baseline_max_rms_spot_diameter_um
CODE V> BUF PUT B1 I^row J1 "seed_baseline.max_rms_wavefront_error_waves"
CODE V> BUF PUT B1 I^row J2 ^seed_baseline_max_rms_wavefront_error_waves
CODE V> BUF PUT B1 I^row J1 "seed_baseline.max_distortion_pct"
CODE V> BUF PUT B1 I^row J2 ^seed_baseline_max_distortion_pct
CODE V> BUF PUT B1 I^row J1 "seed_baseline.fno"
CODE V> BUF PUT B1 I^row J2 ^seed_baseline_fno
CODE V> BUF PUT B1 I^row J1 "seed_baseline.epd"
CODE V> BUF PUT B1 I^row J2 ^seed_baseline_epd
CODE V> BUF PUT B1 I^row J1 "seed_baseline.maximh_mm"
CODE V> BUF PUT B1 I^row J2 ^seed_baseline_maximh
CODE V> BUF PUT B1 I^row J1 "config_pre_aut.efl_y_mm"
CODE V> BUF PUT B1 I^row J2 ^config_pre_aut_efl_y_mm
CODE V> BUF PUT B1 I^row J1 "config_pre_aut.max_lateral_color_um"
CODE V> BUF PUT B1 I^row J2 ^config_pre_aut_max_lateral_color_um
CODE V> BUF PUT B1 I^row J1 "config_pre_aut.max_rms_spot_diameter_um"
CODE V> BUF PUT B1 I^row J2 ^config_pre_aut_max_rms_spot_diameter_um
CODE V> BUF PUT B1 I^row J1 "config_pre_aut.max_rms_wavefront_error_waves"
CODE V> BUF PUT B1 I^row J2 ^config_pre_aut_max_rms_wavefront_error_waves
CODE V> BUF PUT B1 I^row J1 "config_pre_aut.max_distortion_pct"
CODE V> BUF PUT B1 I^row J2 ^config_pre_aut_max_distortion_pct
CODE V> BUF PUT B1 I^row J1 "config_pre_aut.fno"
CODE V> BUF PUT B1 I^row J2 ^config_pre_aut_fno
CODE V> BUF PUT B1 I^row J1 "config_pre_aut.epd"
CODE V> BUF PUT B1 I^row J2 ^config_pre_aut_epd
CODE V> BUF PUT B1 I^row J1 "config_pre_aut.maximh_mm"
CODE V> BUF PUT B1 I^row J2 ^config_pre_aut_maximh
CODE V> BUF PUT B1 I^row J1 "post_aut.efl_y_mm"
CODE V> BUF PUT B1 I^row J2 ^post_aut_efl_y_mm
CODE V> BUF PUT B1 I^row J1 "post_aut.max_lateral_color_um"
CODE V> BUF PUT B1 I^row J2 ^post_aut_max_lateral_color_um
CODE V> BUF PUT B1 I^row J1 "post_aut.max_rms_spot_diameter_um"
CODE V> BUF PUT B1 I^row J2 ^post_aut_max_rms_spot_diameter_um
CODE V> BUF PUT B1 I^row J1 "post_aut.max_rms_wavefront_error_waves"
CODE V> BUF PUT B1 I^row J2 ^post_aut_max_rms_wavefront_error_waves
CODE V> BUF PUT B1 I^row J1 "post_aut.max_distortion_pct"
CODE V> BUF PUT B1 I^row J2 ^post_aut_max_distortion_pct
CODE V> BUF PUT B1 I^row J1 "post_aut.fno"
CODE V> BUF PUT B1 I^row J2 ^post_aut_fno
CODE V> BUF PUT B1 I^row J1 "post_aut.epd"
CODE V> BUF PUT B1 I^row J2 ^post_aut_epd
CODE V> BUF PUT B1 I^row J1 "post_aut.maximh_mm"
CODE V> BUF PUT B1 I^row J2 ^post_aut_maximh
CODE V> BUF PUT B1 I^row J1 "efl_target_deviation_pct"
CODE V> BUF PUT B1 I^row J2 ^efl_target_dev_pct
CODE V> BUF PUT B1 I^row J1 "aut_converged"
CODE V> BUF PUT B1 I^row J2 ^aut_converged
CODE V> BUF EXP B1 "D:\atelier-opt3\.planning\loop\candidates-2026-07-09\US20170003482A1\asphere\atelier_codev_target_A.tsv"
     Buffer B1 exported to file atelier_codev_target_A.tsv
CODE V> BUF DEL B1
CODE V> BUF PUT B1 I^row J1 "schema"
      Created new worksheet B1.
CODE V> BUF PUT B1 I^row J2 "atelier-codev-readout-v1"
CODE V> BUF PUT B1 I^row J1 "status"
CODE V> BUF PUT B1 I^row J2 "ok"
CODE V> BUF PUT B1 I^row J1 "source_zmx"
CODE V> BUF PUT B1 I^row J2 "US20170003482A1.zmx"
CODE V> BUF PUT B1 I^row J1 "units"
CODE V> BUF PUT B1 I^row J2 ^units
CODE V> BUF PUT B1 I^row J1 "aperture_type"
CODE V> BUF PUT B1 I^row J2 ^apetype
CODE V> BUF PUT B1 I^row J1 "f_number"
CODE V> BUF PUT B1 I^row J2 ABSF((FNO))
CODE V> BUF PUT B1 I^row J1 "entrance_pupil_diameter_mm"
CODE V> BUF PUT B1 I^row J2 ABSF((EPD))
CODE V> BUF PUT B1 I^row J1 "num_surfaces"
CODE V> BUF PUT B1 I^row J2 ^numsur
CODE V> BUF PUT B1 I^row J1 "num_fields"
CODE V> BUF PUT B1 I^row J2 ^numfld
CODE V> BUF PUT B1 I^row J1 "num_wavelengths"
CODE V> BUF PUT B1 I^row J2 ^numwav
CODE V> BUF PUT B1 I^row J1 "num_zooms"
CODE V> BUF PUT B1 I^row J2 ^numz
CODE V> BUF PUT B1 I^row J1 "stop_surface"
CODE V> BUF PUT B1 I^row J2 ^stop
CODE V> BUF PUT B1 I^row J1 "field_type"
CODE V> BUF PUT B1 I^row J2 ^field_type
CODE V> BUF PUT B1 I^row J1 "reference_wavelength_index"
CODE V> BUF PUT B1 I^row J2 ^refw
CODE V> BUF PUT B1 I^row J1 "image_height_y_mm"
CODE V> BUF PUT B1 I^row J2 ^maximh
CODE V>   BUF PUT B1 I^row J1 ^key
CODE V>   BUF PUT B1 I^row J2 (RDY S^s)
CODE V>   BUF PUT B1 I^row J1 ^key
CODE V>   BUF PUT B1 I^row J2 (THI S^s)
CODE V>   BUF PUT B1 I^row J1 ^key
CODE V>   BUF PUT B1 I^row J2 ^semi_diameter_mm
CODE V>   BUF PUT B1 I^row J1 ^key
CODE V>   BUF PUT B1 I^row J2 ^glass
CODE V>   BUF PUT B1 I^row J1 ^key
CODE V>   BUF PUT B1 I^row J2 ^nd
CODE V>   BUF PUT B1 I^row J1 ^key
CODE V>   BUF PUT B1 I^row J2 ^vd
CODE V>   BUF PUT B1 I^row J1 ^key
CODE V>   BUF PUT B1 I^row J2 ^surf_type
CODE V>   BUF PUT B1 I^row J1 ^key
CODE V>   BUF PUT B1 I^row J2 ^isstop
CODE V>   BUF PUT B1 I^row J1 ^key
CODE V>   BUF PUT B1 I^row J2 ^coefK
CODE V>   BUF PUT B1 I^row J1 ^key
CODE V>   BUF PUT B1 I^row J2 ^coefA
CODE V>   BUF PUT B1 I^row J1 ^key
CODE V>   BUF PUT B1 I^row J2 ^coefB
CODE V>   BUF PUT B1 I^row J1 ^key
CODE V>   BUF PUT B1 I^row J2 ^coefC
CODE V>   BUF PUT B1 I^row J1 ^key
CODE V>   BUF PUT B1 I^row J2 ^coefD
CODE V>   BUF PUT B1 I^row J1 ^key
CODE V>   BUF PUT B1 I^row J2 ^coefE
CODE V>   BUF PUT B1 I^row J1 ^key
CODE V>   BUF PUT B1 I^row J2 ^coefF
CODE V>   BUF PUT B1 I^row J1 ^key
CODE V>   BUF PUT B1 I^row J2 ^coefG
CODE V>   BUF PUT B1 I^row J1 ^key
CODE V>   BUF PUT B1 I^row J2 ^coefH
CODE V>   BUF PUT B1 I^row J1 ^key
CODE V>   BUF PUT B1 I^row J2 ^coefJ
CODE V>   BUF PUT B1 I^row J1 ^key
CODE V>   BUF PUT B1 I^row J2 (RDY S^s)
CODE V>   BUF PUT B1 I^row J1 ^key
CODE V>   BUF PUT B1 I^row J2 (THI S^s)
CODE V>   BUF PUT B1 I^row J1 ^key
CODE V>   BUF PUT B1 I^row J2 ^semi_diameter_mm
CODE V>   BUF PUT B1 I^row J1 ^key
CODE V>   BUF PUT B1 I^row J2 ^glass
CODE V>   BUF PUT B1 I^row J1 ^key
CODE V>   BUF PUT B1 I^row J2 ^nd
CODE V>   BUF PUT B1 I^row J1 ^key
CODE V>   BUF PUT B1 I^row J2 ^vd
CODE V>   BUF PUT B1 I^row J1 ^key
CODE V>   BUF PUT B1 I^row J2 ^surf_type
CODE V>   BUF PUT B1 I^row J1 ^key
CODE V>   BUF PUT B1 I^row J2 ^isstop
CODE V>   BUF PUT B1 I^row J1 ^key
CODE V>   BUF PUT B1 I^row J2 ^coefK
CODE V>   BUF PUT B1 I^row J1 ^key
CODE V>   BUF PUT B1 I^row J2 ^coefA
CODE V>   BUF PUT B1 I^row J1 ^key
CODE V>   BUF PUT B1 I^row J2 ^coefB
CODE V>   BUF PUT B1 I^row J1 ^key
CODE V>   BUF PUT B1 I^row J2 ^coefC
CODE V>   BUF PUT B1 I^row J1 ^key
CODE V>   BUF PUT B1 I^row J2 ^coefD
CODE V>   BUF PUT B1 I^row J1 ^key
CODE V>   BUF PUT B1 I^row J2 ^coefE
CODE V>   BUF PUT B1 I^row J1 ^key
CODE V>   BUF PUT B1 I^row J2 ^coefF
CODE V>   BUF PUT B1 I^row J1 ^key
CODE V>   BUF PUT B1 I^row J2 ^coefG
CODE V>   BUF PUT B1 I^row J1 ^key
CODE V>   BUF PUT B1 I^row J2 ^coefH
CODE V>   BUF PUT B1 I^row J1 ^key
CODE V>   BUF PUT B1 I^row J2 ^coefJ
CODE V>   BUF PUT B1 I^row J1 ^key
CODE V>   BUF PUT B1 I^row J2 (RDY S^s)
CODE V>   BUF PUT B1 I^row J1 ^key
CODE V>   BUF PUT B1 I^row J2 (THI S^s)
CODE V>   BUF PUT B1 I^row J1 ^key
CODE V>   BUF PUT B1 I^row J2 ^semi_diameter_mm
CODE V>   BUF PUT B1 I^row J1 ^key
CODE V>   BUF PUT B1 I^row J2 ^glass
CODE V>   BUF PUT B1 I^row J1 ^key
CODE V>   BUF PUT B1 I^row J2 ^nd
CODE V>   BUF PUT B1 I^row J1 ^key
CODE V>   BUF PUT B1 I^row J2 ^vd
CODE V>   BUF PUT B1 I^row J1 ^key
CODE V>   BUF PUT B1 I^row J2 ^surf_type
CODE V>   BUF PUT B1 I^row J1 ^key
CODE V>   BUF PUT B1 I^row J2 ^isstop
CODE V>   BUF PUT B1 I^row J1 ^key
CODE V>   BUF PUT B1 I^row J2 ^coefK
CODE V>   BUF PUT B1 I^row J1 ^key
CODE V>   BUF PUT B1 I^row J2 ^coefA
CODE V>   BUF PUT B1 I^row J1 ^key
CODE V>   BUF PUT B1 I^row J2 ^coefB
CODE V>   BUF PUT B1 I^row J1 ^key
CODE V>   BUF PUT B1 I^row J2 ^coefC
CODE V>   BUF PUT B1 I^row J1 ^key
CODE V>   BUF PUT B1 I^row J2 ^coefD
CODE V>   BUF PUT B1 I^row J1 ^key
CODE V>   BUF PUT B1 I^row J2 ^coefE
CODE V>   BUF PUT B1 I^row J1 ^key
CODE V>   BUF PUT B1 I^row J2 ^coefF
CODE V>   BUF PUT B1 I^row J1 ^key
CODE V>   BUF PUT B1 I^row J2 ^coefG
CODE V>   BUF PUT B1 I^row J1 ^key
CODE V>   BUF PUT B1 I^row J2 ^coefH
CODE V>   BUF PUT B1 I^row J1 ^key
CODE V>   BUF PUT B1 I^row J2 ^coefJ
CODE V>   BUF PUT B1 I^row J1 ^key
CODE V>   BUF PUT B1 I^row J2 (RDY S^s)
CODE V>   BUF PUT B1 I^row J1 ^key
CODE V>   BUF PUT B1 I^row J2 (THI S^s)
CODE V>   BUF PUT B1 I^row J1 ^key
CODE V>   BUF PUT B1 I^row J2 ^semi_diameter_mm
CODE V>   BUF PUT B1 I^row J1 ^key
CODE V>   BUF PUT B1 I^row J2 ^glass
CODE V>   BUF PUT B1 I^row J1 ^key
CODE V>   BUF PUT B1 I^row J2 ^nd
CODE V>   BUF PUT B1 I^row J1 ^key
CODE V>   BUF PUT B1 I^row J2 ^vd
CODE V>   BUF PUT B1 I^row J1 ^key
CODE V>   BUF PUT B1 I^row J2 ^surf_type
CODE V>   BUF PUT B1 I^row J1 ^key
CODE V>   BUF PUT B1 I^row J2 ^isstop
CODE V>   BUF PUT B1 I^row J1 ^key
CODE V>   BUF PUT B1 I^row J2 ^coefK
CODE V>   BUF PUT B1 I^row J1 ^key
CODE V>   BUF PUT B1 I^row J2 ^coefA
CODE V>   BUF PUT B1 I^row J1 ^key
CODE V>   BUF PUT B1 I^row J2 ^coefB
CODE V>   BUF PUT B1 I^row J1 ^key
CODE V>   BUF PUT B1 I^row J2 ^coefC
CODE V>   BUF PUT B1 I^row J1 ^key
CODE V>   BUF PUT B1 I^row J2 ^coefD
CODE V>   BUF PUT B1 I^row J1 ^key
CODE V>   BUF PUT B1 I^row J2 ^coefE
CODE V>   BUF PUT B1 I^row J1 ^key
CODE V>   BUF PUT B1 I^row J2 ^coefF
CODE V>   BUF PUT B1 I^row J1 ^key
CODE V>   BUF PUT B1 I^row J2 ^coefG
CODE V>   BUF PUT B1 I^row J1 ^key
CODE V>   BUF PUT B1 I^row J2 ^coefH
CODE V>   BUF PUT B1 I^row J1 ^key
CODE V>   BUF PUT B1 I^row J2 ^coefJ
CODE V>   BUF PUT B1 I^row J1 ^key
CODE V>   BUF PUT B1 I^row J2 (RDY S^s)
CODE V>   BUF PUT B1 I^row J1 ^key
CODE V>   BUF PUT B1 I^row J2 (THI S^s)
CODE V>   BUF PUT B1 I^row J1 ^key
CODE V>   BUF PUT B1 I^row J2 ^semi_diameter_mm
CODE V>   BUF PUT B1 I^row J1 ^key
CODE V>   BUF PUT B1 I^row J2 ^glass
CODE V>   BUF PUT B1 I^row J1 ^key
CODE V>   BUF PUT B1 I^row J2 ^nd
CODE V>   BUF PUT B1 I^row J1 ^key
CODE V>   BUF PUT B1 I^row J2 ^vd
CODE V>   BUF PUT B1 I^row J1 ^key
CODE V>   BUF PUT B1 I^row J2 ^surf_type
CODE V>   BUF PUT B1 I^row J1 ^key
CODE V>   BUF PUT B1 I^row J2 ^isstop
CODE V>   BUF PUT B1 I^row J1 ^key
CODE V>   BUF PUT B1 I^row J2 ^coefK
CODE V>   BUF PUT B1 I^row J1 ^key
CODE V>   BUF PUT B1 I^row J2 ^coefA
CODE V>   BUF PUT B1 I^row J1 ^key
CODE V>   BUF PUT B1 I^row J2 ^coefB
CODE V>   BUF PUT B1 I^row J1 ^key
CODE V>   BUF PUT B1 I^row J2 ^coefC
CODE V>   BUF PUT B1 I^row J1 ^key
CODE V>   BUF PUT B1 I^row J2 ^coefD
CODE V>   BUF PUT B1 I^row J1 ^key
CODE V>   BUF PUT B1 I^row J2 ^coefE
CODE V>   BUF PUT B1 I^row J1 ^key
CODE V>   BUF PUT B1 I^row J2 ^coefF
CODE V>   BUF PUT B1 I^row J1 ^key
CODE V>   BUF PUT B1 I^row J2 ^coefG
CODE V>   BUF PUT B1 I^row J1 ^key
CODE V>   BUF PUT B1 I^row J2 ^coefH
CODE V>   BUF PUT B1 I^row J1 ^key
CODE V>   BUF PUT B1 I^row J2 ^coefJ
CODE V>   BUF PUT B1 I^row J1 ^key
CODE V>   BUF PUT B1 I^row J2 (RDY S^s)
CODE V>   BUF PUT B1 I^row J1 ^key
CODE V>   BUF PUT B1 I^row J2 (THI S^s)
CODE V>   BUF PUT B1 I^row J1 ^key
CODE V>   BUF PUT B1 I^row J2 ^semi_diameter_mm
CODE V>   BUF PUT B1 I^row J1 ^key
CODE V>   BUF PUT B1 I^row J2 ^glass
CODE V>   BUF PUT B1 I^row J1 ^key
CODE V>   BUF PUT B1 I^row J2 ^nd
CODE V>   BUF PUT B1 I^row J1 ^key
CODE V>   BUF PUT B1 I^row J2 ^vd
CODE V>   BUF PUT B1 I^row J1 ^key
CODE V>   BUF PUT B1 I^row J2 ^surf_type
CODE V>   BUF PUT B1 I^row J1 ^key
CODE V>   BUF PUT B1 I^row J2 ^isstop
CODE V>   BUF PUT B1 I^row J1 ^key
CODE V>   BUF PUT B1 I^row J2 ^coefK
CODE V>   BUF PUT B1 I^row J1 ^key
CODE V>   BUF PUT B1 I^row J2 ^coefA
CODE V>   BUF PUT B1 I^row J1 ^key
CODE V>   BUF PUT B1 I^row J2 ^coefB
CODE V>   BUF PUT B1 I^row J1 ^key
CODE V>   BUF PUT B1 I^row J2 ^coefC
CODE V>   BUF PUT B1 I^row J1 ^key
CODE V>   BUF PUT B1 I^row J2 ^coefD
CODE V>   BUF PUT B1 I^row J1 ^key
CODE V>   BUF PUT B1 I^row J2 ^coefE
CODE V>   BUF PUT B1 I^row J1 ^key
CODE V>   BUF PUT B1 I^row J2 ^coefF
CODE V>   BUF PUT B1 I^row J1 ^key
CODE V>   BUF PUT B1 I^row J2 ^coefG
CODE V>   BUF PUT B1 I^row J1 ^key
CODE V>   BUF PUT B1 I^row J2 ^coefH
CODE V>   BUF PUT B1 I^row J1 ^key
CODE V>   BUF PUT B1 I^row J2 ^coefJ
CODE V>   BUF PUT B1 I^row J1 ^key
CODE V>   BUF PUT B1 I^row J2 (RDY S^s)
CODE V>   BUF PUT B1 I^row J1 ^key
CODE V>   BUF PUT B1 I^row J2 (THI S^s)
CODE V>   BUF PUT B1 I^row J1 ^key
CODE V>   BUF PUT B1 I^row J2 ^semi_diameter_mm
CODE V>   BUF PUT B1 I^row J1 ^key
CODE V>   BUF PUT B1 I^row J2 ^glass
CODE V>   BUF PUT B1 I^row J1 ^key
CODE V>   BUF PUT B1 I^row J2 ^nd
CODE V>   BUF PUT B1 I^row J1 ^key
CODE V>   BUF PUT B1 I^row J2 ^vd
CODE V>   BUF PUT B1 I^row J1 ^key
CODE V>   BUF PUT B1 I^row J2 ^surf_type
CODE V>   BUF PUT B1 I^row J1 ^key
CODE V>   BUF PUT B1 I^row J2 ^isstop
CODE V>   BUF PUT B1 I^row J1 ^key
CODE V>   BUF PUT B1 I^row J2 ^coefK
CODE V>   BUF PUT B1 I^row J1 ^key
CODE V>   BUF PUT B1 I^row J2 ^coefA
CODE V>   BUF PUT B1 I^row J1 ^key
CODE V>   BUF PUT B1 I^row J2 ^coefB
CODE V>   BUF PUT B1 I^row J1 ^key
CODE V>   BUF PUT B1 I^row J2 ^coefC
CODE V>   BUF PUT B1 I^row J1 ^key
CODE V>   BUF PUT B1 I^row J2 ^coefD
CODE V>   BUF PUT B1 I^row J1 ^key
CODE V>   BUF PUT B1 I^row J2 ^coefE
CODE V>   BUF PUT B1 I^row J1 ^key
CODE V>   BUF PUT B1 I^row J2 ^coefF
CODE V>   BUF PUT B1 I^row J1 ^key
CODE V>   BUF PUT B1 I^row J2 ^coefG
CODE V>   BUF PUT B1 I^row J1 ^key
CODE V>   BUF PUT B1 I^row J2 ^coefH
CODE V>   BUF PUT B1 I^row J1 ^key
CODE V>   BUF PUT B1 I^row J2 ^coefJ
CODE V>   BUF PUT B1 I^row J1 ^key
CODE V>   BUF PUT B1 I^row J2 (RDY S^s)
CODE V>   BUF PUT B1 I^row J1 ^key
CODE V>   BUF PUT B1 I^row J2 (THI S^s)
CODE V>   BUF PUT B1 I^row J1 ^key
CODE V>   BUF PUT B1 I^row J2 ^semi_diameter_mm
CODE V>   BUF PUT B1 I^row J1 ^key
CODE V>   BUF PUT B1 I^row J2 ^glass
CODE V>   BUF PUT B1 I^row J1 ^key
CODE V>   BUF PUT B1 I^row J2 ^nd
CODE V>   BUF PUT B1 I^row J1 ^key
CODE V>   BUF PUT B1 I^row J2 ^vd
CODE V>   BUF PUT B1 I^row J1 ^key
CODE V>   BUF PUT B1 I^row J2 ^surf_type
CODE V>   BUF PUT B1 I^row J1 ^key
CODE V>   BUF PUT B1 I^row J2 ^isstop
CODE V>   BUF PUT B1 I^row J1 ^key
CODE V>   BUF PUT B1 I^row J2 ^coefK
CODE V>   BUF PUT B1 I^row J1 ^key
CODE V>   BUF PUT B1 I^row J2 ^coefA
CODE V>   BUF PUT B1 I^row J1 ^key
CODE V>   BUF PUT B1 I^row J2 ^coefB
CODE V>   BUF PUT B1 I^row J1 ^key
CODE V>   BUF PUT B1 I^row J2 ^coefC
CODE V>   BUF PUT B1 I^row J1 ^key
CODE V>   BUF PUT B1 I^row J2 ^coefD
CODE V>   BUF PUT B1 I^row J1 ^key
CODE V>   BUF PUT B1 I^row J2 ^coefE
CODE V>   BUF PUT B1 I^row J1 ^key
CODE V>   BUF PUT B1 I^row J2 ^coefF
CODE V>   BUF PUT B1 I^row J1 ^key
CODE V>   BUF PUT B1 I^row J2 ^coefG
CODE V>   BUF PUT B1 I^row J1 ^key
CODE V>   BUF PUT B1 I^row J2 ^coefH
CODE V>   BUF PUT B1 I^row J1 ^key
CODE V>   BUF PUT B1 I^row J2 ^coefJ
CODE V>   BUF PUT B1 I^row J1 ^key
CODE V>   BUF PUT B1 I^row J2 (RDY S^s)
CODE V>   BUF PUT B1 I^row J1 ^key
CODE V>   BUF PUT B1 I^row J2 (THI S^s)
CODE V>   BUF PUT B1 I^row J1 ^key
CODE V>   BUF PUT B1 I^row J2 ^semi_diameter_mm
CODE V>   BUF PUT B1 I^row J1 ^key
CODE V>   BUF PUT B1 I^row J2 ^glass
CODE V>   BUF PUT B1 I^row J1 ^key
CODE V>   BUF PUT B1 I^row J2 ^nd
CODE V>   BUF PUT B1 I^row J1 ^key
CODE V>   BUF PUT B1 I^row J2 ^vd
CODE V>   BUF PUT B1 I^row J1 ^key
CODE V>   BUF PUT B1 I^row J2 ^surf_type
CODE V>   BUF PUT B1 I^row J1 ^key
CODE V>   BUF PUT B1 I^row J2 ^isstop
CODE V>   BUF PUT B1 I^row J1 ^key
CODE V>   BUF PUT B1 I^row J2 ^coefK
CODE V>   BUF PUT B1 I^row J1 ^key
CODE V>   BUF PUT B1 I^row J2 ^coefA
CODE V>   BUF PUT B1 I^row J1 ^key
CODE V>   BUF PUT B1 I^row J2 ^coefB
CODE V>   BUF PUT B1 I^row J1 ^key
CODE V>   BUF PUT B1 I^row J2 ^coefC
CODE V>   BUF PUT B1 I^row J1 ^key
CODE V>   BUF PUT B1 I^row J2 ^coefD
CODE V>   BUF PUT B1 I^row J1 ^key
CODE V>   BUF PUT B1 I^row J2 ^coefE
CODE V>   BUF PUT B1 I^row J1 ^key
CODE V>   BUF PUT B1 I^row J2 ^coefF
CODE V>   BUF PUT B1 I^row J1 ^key
CODE V>   BUF PUT B1 I^row J2 ^coefG
CODE V>   BUF PUT B1 I^row J1 ^key
CODE V>   BUF PUT B1 I^row J2 ^coefH
CODE V>   BUF PUT B1 I^row J1 ^key
CODE V>   BUF PUT B1 I^row J2 ^coefJ
CODE V>   BUF PUT B1 I^row J1 ^key
CODE V>   BUF PUT B1 I^row J2 (RDY S^s)
CODE V>   BUF PUT B1 I^row J1 ^key
CODE V>   BUF PUT B1 I^row J2 (THI S^s)
CODE V>   BUF PUT B1 I^row J1 ^key
CODE V>   BUF PUT B1 I^row J2 ^semi_diameter_mm
CODE V>   BUF PUT B1 I^row J1 ^key
CODE V>   BUF PUT B1 I^row J2 ^glass
CODE V>   BUF PUT B1 I^row J1 ^key
CODE V>   BUF PUT B1 I^row J2 ^nd
CODE V>   BUF PUT B1 I^row J1 ^key
CODE V>   BUF PUT B1 I^row J2 ^vd
CODE V>   BUF PUT B1 I^row J1 ^key
CODE V>   BUF PUT B1 I^row J2 ^surf_type
CODE V>   BUF PUT B1 I^row J1 ^key
CODE V>   BUF PUT B1 I^row J2 ^isstop
CODE V>   BUF PUT B1 I^row J1 ^key
CODE V>   BUF PUT B1 I^row J2 ^coefK
CODE V>   BUF PUT B1 I^row J1 ^key
CODE V>   BUF PUT B1 I^row J2 ^coefA
CODE V>   BUF PUT B1 I^row J1 ^key
CODE V>   BUF PUT B1 I^row J2 ^coefB
CODE V>   BUF PUT B1 I^row J1 ^key
CODE V>   BUF PUT B1 I^row J2 ^coefC
CODE V>   BUF PUT B1 I^row J1 ^key
CODE V>   BUF PUT B1 I^row J2 ^coefD
CODE V>   BUF PUT B1 I^row J1 ^key
CODE V>   BUF PUT B1 I^row J2 ^coefE
CODE V>   BUF PUT B1 I^row J1 ^key
CODE V>   BUF PUT B1 I^row J2 ^coefF
CODE V>   BUF PUT B1 I^row J1 ^key
CODE V>   BUF PUT B1 I^row J2 ^coefG
CODE V>   BUF PUT B1 I^row J1 ^key
CODE V>   BUF PUT B1 I^row J2 ^coefH
CODE V>   BUF PUT B1 I^row J1 ^key
CODE V>   BUF PUT B1 I^row J2 ^coefJ
CODE V>   BUF PUT B1 I^row J1 ^key
CODE V>   BUF PUT B1 I^row J2 (RDY S^s)
CODE V>   BUF PUT B1 I^row J1 ^key
CODE V>   BUF PUT B1 I^row J2 (THI S^s)
CODE V>   BUF PUT B1 I^row J1 ^key
CODE V>   BUF PUT B1 I^row J2 ^semi_diameter_mm
CODE V>   BUF PUT B1 I^row J1 ^key
CODE V>   BUF PUT B1 I^row J2 ^glass
CODE V>   BUF PUT B1 I^row J1 ^key
CODE V>   BUF PUT B1 I^row J2 ^nd
CODE V>   BUF PUT B1 I^row J1 ^key
CODE V>   BUF PUT B1 I^row J2 ^vd
CODE V>   BUF PUT B1 I^row J1 ^key
CODE V>   BUF PUT B1 I^row J2 ^surf_type
CODE V>   BUF PUT B1 I^row J1 ^key
CODE V>   BUF PUT B1 I^row J2 ^isstop
CODE V>   BUF PUT B1 I^row J1 ^key
CODE V>   BUF PUT B1 I^row J2 ^coefK
CODE V>   BUF PUT B1 I^row J1 ^key
CODE V>   BUF PUT B1 I^row J2 ^coefA
CODE V>   BUF PUT B1 I^row J1 ^key
CODE V>   BUF PUT B1 I^row J2 ^coefB
CODE V>   BUF PUT B1 I^row J1 ^key
CODE V>   BUF PUT B1 I^row J2 ^coefC
CODE V>   BUF PUT B1 I^row J1 ^key
CODE V>   BUF PUT B1 I^row J2 ^coefD
CODE V>   BUF PUT B1 I^row J1 ^key
CODE V>   BUF PUT B1 I^row J2 ^coefE
CODE V>   BUF PUT B1 I^row J1 ^key
CODE V>   BUF PUT B1 I^row J2 ^coefF
CODE V>   BUF PUT B1 I^row J1 ^key
CODE V>   BUF PUT B1 I^row J2 ^coefG
CODE V>   BUF PUT B1 I^row J1 ^key
CODE V>   BUF PUT B1 I^row J2 ^coefH
CODE V>   BUF PUT B1 I^row J1 ^key
CODE V>   BUF PUT B1 I^row J2 ^coefJ
CODE V>   BUF PUT B1 I^row J1 ^key
CODE V>   BUF PUT B1 I^row J2 (RDY S^s)
CODE V>   BUF PUT B1 I^row J1 ^key
CODE V>   BUF PUT B1 I^row J2 (THI S^s)
CODE V>   BUF PUT B1 I^row J1 ^key
CODE V>   BUF PUT B1 I^row J2 ^semi_diameter_mm
CODE V>   BUF PUT B1 I^row J1 ^key
CODE V>   BUF PUT B1 I^row J2 ^glass
CODE V>   BUF PUT B1 I^row J1 ^key
CODE V>   BUF PUT B1 I^row J2 ^nd
CODE V>   BUF PUT B1 I^row J1 ^key
CODE V>   BUF PUT B1 I^row J2 ^vd
CODE V>   BUF PUT B1 I^row J1 ^key
CODE V>   BUF PUT B1 I^row J2 ^surf_type
CODE V>   BUF PUT B1 I^row J1 ^key
CODE V>   BUF PUT B1 I^row J2 ^isstop
CODE V>   BUF PUT B1 I^row J1 ^key
CODE V>   BUF PUT B1 I^row J2 ^coefK
CODE V>   BUF PUT B1 I^row J1 ^key
CODE V>   BUF PUT B1 I^row J2 ^coefA
CODE V>   BUF PUT B1 I^row J1 ^key
CODE V>   BUF PUT B1 I^row J2 ^coefB
CODE V>   BUF PUT B1 I^row J1 ^key
CODE V>   BUF PUT B1 I^row J2 ^coefC
CODE V>   BUF PUT B1 I^row J1 ^key
CODE V>   BUF PUT B1 I^row J2 ^coefD
CODE V>   BUF PUT B1 I^row J1 ^key
CODE V>   BUF PUT B1 I^row J2 ^coefE
CODE V>   BUF PUT B1 I^row J1 ^key
CODE V>   BUF PUT B1 I^row J2 ^coefF
CODE V>   BUF PUT B1 I^row J1 ^key
CODE V>   BUF PUT B1 I^row J2 ^coefG
CODE V>   BUF PUT B1 I^row J1 ^key
CODE V>   BUF PUT B1 I^row J2 ^coefH
CODE V>   BUF PUT B1 I^row J1 ^key
CODE V>   BUF PUT B1 I^row J2 ^coefJ
CODE V>   BUF PUT B1 I^row J1 ^key
CODE V>   BUF PUT B1 I^row J2 (RDY S^s)
CODE V>   BUF PUT B1 I^row J1 ^key
CODE V>   BUF PUT B1 I^row J2 (THI S^s)
CODE V>   BUF PUT B1 I^row J1 ^key
CODE V>   BUF PUT B1 I^row J2 ^semi_diameter_mm
CODE V>   BUF PUT B1 I^row J1 ^key
CODE V>   BUF PUT B1 I^row J2 ^glass
CODE V>   BUF PUT B1 I^row J1 ^key
CODE V>   BUF PUT B1 I^row J2 ^nd
CODE V>   BUF PUT B1 I^row J1 ^key
CODE V>   BUF PUT B1 I^row J2 ^vd
CODE V>   BUF PUT B1 I^row J1 ^key
CODE V>   BUF PUT B1 I^row J2 ^surf_type
CODE V>   BUF PUT B1 I^row J1 ^key
CODE V>   BUF PUT B1 I^row J2 ^isstop
CODE V>   BUF PUT B1 I^row J1 ^key
CODE V>   BUF PUT B1 I^row J2 ^coefK
CODE V>   BUF PUT B1 I^row J1 ^key
CODE V>   BUF PUT B1 I^row J2 ^coefA
CODE V>   BUF PUT B1 I^row J1 ^key
CODE V>   BUF PUT B1 I^row J2 ^coefB
CODE V>   BUF PUT B1 I^row J1 ^key
CODE V>   BUF PUT B1 I^row J2 ^coefC
CODE V>   BUF PUT B1 I^row J1 ^key
CODE V>   BUF PUT B1 I^row J2 ^coefD
CODE V>   BUF PUT B1 I^row J1 ^key
CODE V>   BUF PUT B1 I^row J2 ^coefE
CODE V>   BUF PUT B1 I^row J1 ^key
CODE V>   BUF PUT B1 I^row J2 ^coefF
CODE V>   BUF PUT B1 I^row J1 ^key
CODE V>   BUF PUT B1 I^row J2 ^coefG
CODE V>   BUF PUT B1 I^row J1 ^key
CODE V>   BUF PUT B1 I^row J2 ^coefH
CODE V>   BUF PUT B1 I^row J1 ^key
CODE V>   BUF PUT B1 I^row J2 ^coefJ
CODE V>   BUF PUT B1 I^row J1 ^key
CODE V>   BUF PUT B1 I^row J2 (RDY S^s)
CODE V>   BUF PUT B1 I^row J1 ^key
CODE V>   BUF PUT B1 I^row J2 (THI S^s)
CODE V>   BUF PUT B1 I^row J1 ^key
CODE V>   BUF PUT B1 I^row J2 ^semi_diameter_mm
CODE V>   BUF PUT B1 I^row J1 ^key
CODE V>   BUF PUT B1 I^row J2 ^glass
CODE V>   BUF PUT B1 I^row J1 ^key
CODE V>   BUF PUT B1 I^row J2 ^nd
CODE V>   BUF PUT B1 I^row J1 ^key
CODE V>   BUF PUT B1 I^row J2 ^vd
CODE V>   BUF PUT B1 I^row J1 ^key
CODE V>   BUF PUT B1 I^row J2 ^surf_type
CODE V>   BUF PUT B1 I^row J1 ^key
CODE V>   BUF PUT B1 I^row J2 ^isstop
CODE V>   BUF PUT B1 I^row J1 ^key
CODE V>   BUF PUT B1 I^row J2 ^coefK
CODE V>   BUF PUT B1 I^row J1 ^key
CODE V>   BUF PUT B1 I^row J2 ^coefA
CODE V>   BUF PUT B1 I^row J1 ^key
CODE V>   BUF PUT B1 I^row J2 ^coefB
CODE V>   BUF PUT B1 I^row J1 ^key
CODE V>   BUF PUT B1 I^row J2 ^coefC
CODE V>   BUF PUT B1 I^row J1 ^key
CODE V>   BUF PUT B1 I^row J2 ^coefD
CODE V>   BUF PUT B1 I^row J1 ^key
CODE V>   BUF PUT B1 I^row J2 ^coefE
CODE V>   BUF PUT B1 I^row J1 ^key
CODE V>   BUF PUT B1 I^row J2 ^coefF
CODE V>   BUF PUT B1 I^row J1 ^key
CODE V>   BUF PUT B1 I^row J2 ^coefG
CODE V>   BUF PUT B1 I^row J1 ^key
CODE V>   BUF PUT B1 I^row J2 ^coefH
CODE V>   BUF PUT B1 I^row J1 ^key
CODE V>   BUF PUT B1 I^row J2 ^coefJ
CODE V>   BUF PUT B1 I^row J1 ^key
CODE V>   BUF PUT B1 I^row J2 (RDY S^s)
CODE V>   BUF PUT B1 I^row J1 ^key
CODE V>   BUF PUT B1 I^row J2 (THI S^s)
CODE V>   BUF PUT B1 I^row J1 ^key
CODE V>   BUF PUT B1 I^row J2 ^semi_diameter_mm
CODE V>   BUF PUT B1 I^row J1 ^key
CODE V>   BUF PUT B1 I^row J2 ^glass
CODE V>   BUF PUT B1 I^row J1 ^key
CODE V>   BUF PUT B1 I^row J2 ^nd
CODE V>   BUF PUT B1 I^row J1 ^key
CODE V>   BUF PUT B1 I^row J2 ^vd
CODE V>   BUF PUT B1 I^row J1 ^key
CODE V>   BUF PUT B1 I^row J2 ^surf_type
CODE V>   BUF PUT B1 I^row J1 ^key
CODE V>   BUF PUT B1 I^row J2 ^isstop
CODE V>   BUF PUT B1 I^row J1 ^key
CODE V>   BUF PUT B1 I^row J2 ^coefK
CODE V>   BUF PUT B1 I^row J1 ^key
CODE V>   BUF PUT B1 I^row J2 ^coefA
CODE V>   BUF PUT B1 I^row J1 ^key
CODE V>   BUF PUT B1 I^row J2 ^coefB
CODE V>   BUF PUT B1 I^row J1 ^key
CODE V>   BUF PUT B1 I^row J2 ^coefC
CODE V>   BUF PUT B1 I^row J1 ^key
CODE V>   BUF PUT B1 I^row J2 ^coefD
CODE V>   BUF PUT B1 I^row J1 ^key
CODE V>   BUF PUT B1 I^row J2 ^coefE
CODE V>   BUF PUT B1 I^row J1 ^key
CODE V>   BUF PUT B1 I^row J2 ^coefF
CODE V>   BUF PUT B1 I^row J1 ^key
CODE V>   BUF PUT B1 I^row J2 ^coefG
CODE V>   BUF PUT B1 I^row J1 ^key
CODE V>   BUF PUT B1 I^row J2 ^coefH
CODE V>   BUF PUT B1 I^row J1 ^key
CODE V>   BUF PUT B1 I^row J2 ^coefJ
CODE V>   BUF PUT B1 I^row J1 ^key
CODE V>   BUF PUT B1 I^row J2 (RDY S^s)
CODE V>   BUF PUT B1 I^row J1 ^key
CODE V>   BUF PUT B1 I^row J2 (THI S^s)
CODE V>   BUF PUT B1 I^row J1 ^key
CODE V>   BUF PUT B1 I^row J2 ^semi_diameter_mm
CODE V>   BUF PUT B1 I^row J1 ^key
CODE V>   BUF PUT B1 I^row J2 ^glass
CODE V>   BUF PUT B1 I^row J1 ^key
CODE V>   BUF PUT B1 I^row J2 ^nd
CODE V>   BUF PUT B1 I^row J1 ^key
CODE V>   BUF PUT B1 I^row J2 ^vd
CODE V>   BUF PUT B1 I^row J1 ^key
CODE V>   BUF PUT B1 I^row J2 ^surf_type
CODE V>   BUF PUT B1 I^row J1 ^key
CODE V>   BUF PUT B1 I^row J2 ^isstop
CODE V>   BUF PUT B1 I^row J1 ^key
CODE V>   BUF PUT B1 I^row J2 ^coefK
CODE V>   BUF PUT B1 I^row J1 ^key
CODE V>   BUF PUT B1 I^row J2 ^coefA
CODE V>   BUF PUT B1 I^row J1 ^key
CODE V>   BUF PUT B1 I^row J2 ^coefB
CODE V>   BUF PUT B1 I^row J1 ^key
CODE V>   BUF PUT B1 I^row J2 ^coefC
CODE V>   BUF PUT B1 I^row J1 ^key
CODE V>   BUF PUT B1 I^row J2 ^coefD
CODE V>   BUF PUT B1 I^row J1 ^key
CODE V>   BUF PUT B1 I^row J2 ^coefE
CODE V>   BUF PUT B1 I^row J1 ^key
CODE V>   BUF PUT B1 I^row J2 ^coefF
CODE V>   BUF PUT B1 I^row J1 ^key
CODE V>   BUF PUT B1 I^row J2 ^coefG
CODE V>   BUF PUT B1 I^row J1 ^key
CODE V>   BUF PUT B1 I^row J2 ^coefH
CODE V>   BUF PUT B1 I^row J1 ^key
CODE V>   BUF PUT B1 I^row J2 ^coefJ
CODE V>   BUF PUT B1 I^row J1 ^key
CODE V>   BUF PUT B1 I^row J2 (RDY S^s)
CODE V>   BUF PUT B1 I^row J1 ^key
CODE V>   BUF PUT B1 I^row J2 (THI S^s)
CODE V>   BUF PUT B1 I^row J1 ^key
CODE V>   BUF PUT B1 I^row J2 ^semi_diameter_mm
CODE V>   BUF PUT B1 I^row J1 ^key
CODE V>   BUF PUT B1 I^row J2 ^glass
CODE V>   BUF PUT B1 I^row J1 ^key
CODE V>   BUF PUT B1 I^row J2 ^nd
CODE V>   BUF PUT B1 I^row J1 ^key
CODE V>   BUF PUT B1 I^row J2 ^vd
CODE V>   BUF PUT B1 I^row J1 ^key
CODE V>   BUF PUT B1 I^row J2 ^surf_type
CODE V>   BUF PUT B1 I^row J1 ^key
CODE V>   BUF PUT B1 I^row J2 ^isstop
CODE V>   BUF PUT B1 I^row J1 ^key
CODE V>   BUF PUT B1 I^row J2 ^coefK
CODE V>   BUF PUT B1 I^row J1 ^key
CODE V>   BUF PUT B1 I^row J2 ^coefA
CODE V>   BUF PUT B1 I^row J1 ^key
CODE V>   BUF PUT B1 I^row J2 ^coefB
CODE V>   BUF PUT B1 I^row J1 ^key
CODE V>   BUF PUT B1 I^row J2 ^coefC
CODE V>   BUF PUT B1 I^row J1 ^key
CODE V>   BUF PUT B1 I^row J2 ^coefD
CODE V>   BUF PUT B1 I^row J1 ^key
CODE V>   BUF PUT B1 I^row J2 ^coefE
CODE V>   BUF PUT B1 I^row J1 ^key
CODE V>   BUF PUT B1 I^row J2 ^coefF
CODE V>   BUF PUT B1 I^row J1 ^key
CODE V>   BUF PUT B1 I^row J2 ^coefG
CODE V>   BUF PUT B1 I^row J1 ^key
CODE V>   BUF PUT B1 I^row J2 ^coefH
CODE V>   BUF PUT B1 I^row J1 ^key
CODE V>   BUF PUT B1 I^row J2 ^coefJ
CODE V>   BUF PUT B1 I^row J1 ^key
CODE V>   BUF PUT B1 I^row J2 (RDY S^s)
CODE V>   BUF PUT B1 I^row J1 ^key
CODE V>   BUF PUT B1 I^row J2 (THI S^s)
CODE V>   BUF PUT B1 I^row J1 ^key
CODE V>   BUF PUT B1 I^row J2 ^semi_diameter_mm
CODE V>   BUF PUT B1 I^row J1 ^key
CODE V>   BUF PUT B1 I^row J2 ^glass
CODE V>   BUF PUT B1 I^row J1 ^key
CODE V>   BUF PUT B1 I^row J2 ^nd
CODE V>   BUF PUT B1 I^row J1 ^key
CODE V>   BUF PUT B1 I^row J2 ^vd
CODE V>   BUF PUT B1 I^row J1 ^key
CODE V>   BUF PUT B1 I^row J2 ^surf_type
CODE V>   BUF PUT B1 I^row J1 ^key
CODE V>   BUF PUT B1 I^row J2 ^isstop
CODE V>   BUF PUT B1 I^row J1 ^key
CODE V>   BUF PUT B1 I^row J2 ^coefK
CODE V>   BUF PUT B1 I^row J1 ^key
CODE V>   BUF PUT B1 I^row J2 ^coefA
CODE V>   BUF PUT B1 I^row J1 ^key
CODE V>   BUF PUT B1 I^row J2 ^coefB
CODE V>   BUF PUT B1 I^row J1 ^key
CODE V>   BUF PUT B1 I^row J2 ^coefC
CODE V>   BUF PUT B1 I^row J1 ^key
CODE V>   BUF PUT B1 I^row J2 ^coefD
CODE V>   BUF PUT B1 I^row J1 ^key
CODE V>   BUF PUT B1 I^row J2 ^coefE
CODE V>   BUF PUT B1 I^row J1 ^key
CODE V>   BUF PUT B1 I^row J2 ^coefF
CODE V>   BUF PUT B1 I^row J1 ^key
CODE V>   BUF PUT B1 I^row J2 ^coefG
CODE V>   BUF PUT B1 I^row J1 ^key
CODE V>   BUF PUT B1 I^row J2 ^coefH
CODE V>   BUF PUT B1 I^row J1 ^key
CODE V>   BUF PUT B1 I^row J2 ^coefJ
CODE V>   BUF PUT B1 I^row J1 ^key
CODE V>   BUF PUT B1 I^row J2 (WL W^w)
CODE V>   BUF PUT B1 I^row J1 ^key
CODE V>   BUF PUT B1 I^row J2 (WTW Z1 W^w)
CODE V>   BUF PUT B1 I^row J1 ^key
CODE V>   BUF PUT B1 I^row J2 (WL W^w)
CODE V>   BUF PUT B1 I^row J1 ^key
CODE V>   BUF PUT B1 I^row J2 (WTW Z1 W^w)
CODE V>   BUF PUT B1 I^row J1 ^key
CODE V>   BUF PUT B1 I^row J2 (WL W^w)
CODE V>   BUF PUT B1 I^row J1 ^key
CODE V>   BUF PUT B1 I^row J2 (WTW Z1 W^w)
CODE V>   BUF PUT B1 I^row J1 ^key
CODE V>   BUF PUT B1 I^row J2 ^field_type
CODE V>   BUF PUT B1 I^row J1 ^key
CODE V>   BUF PUT B1 I^row J2 ^field_x
CODE V>   BUF PUT B1 I^row J1 ^key
CODE V>   BUF PUT B1 I^row J2 ^field_y
CODE V>   BUF PUT B1 I^row J1 ^key
CODE V>   BUF PUT B1 I^row J2 (VUY F^f Z1)
CODE V>   BUF PUT B1 I^row J1 ^key
CODE V>   BUF PUT B1 I^row J2 (VLY F^f Z1)
CODE V>   BUF PUT B1 I^row J1 ^key
CODE V>   BUF PUT B1 I^row J2 (VUX F^f Z1)
CODE V>   BUF PUT B1 I^row J1 ^key
CODE V>   BUF PUT B1 I^row J2 (VLX F^f Z1)
CODE V>   BUF PUT B1 I^row J1 ^key
CODE V>   BUF PUT B1 I^row J2 ^field_type
CODE V>   BUF PUT B1 I^row J1 ^key
CODE V>   BUF PUT B1 I^row J2 ^field_x
CODE V>   BUF PUT B1 I^row J1 ^key
CODE V>   BUF PUT B1 I^row J2 ^field_y
CODE V>   BUF PUT B1 I^row J1 ^key
CODE V>   BUF PUT B1 I^row J2 (VUY F^f Z1)
CODE V>   BUF PUT B1 I^row J1 ^key
CODE V>   BUF PUT B1 I^row J2 (VLY F^f Z1)
CODE V>   BUF PUT B1 I^row J1 ^key
CODE V>   BUF PUT B1 I^row J2 (VUX F^f Z1)
CODE V>   BUF PUT B1 I^row J1 ^key
CODE V>   BUF PUT B1 I^row J2 (VLX F^f Z1)
CODE V>   BUF PUT B1 I^row J1 ^key
CODE V>   BUF PUT B1 I^row J2 ^field_type
CODE V>   BUF PUT B1 I^row J1 ^key
CODE V>   BUF PUT B1 I^row J2 ^field_x
CODE V>   BUF PUT B1 I^row J1 ^key
CODE V>   BUF PUT B1 I^row J2 ^field_y
CODE V>   BUF PUT B1 I^row J1 ^key
CODE V>   BUF PUT B1 I^row J2 (VUY F^f Z1)
CODE V>   BUF PUT B1 I^row J1 ^key
CODE V>   BUF PUT B1 I^row J2 (VLY F^f Z1)
CODE V>   BUF PUT B1 I^row J1 ^key
CODE V>   BUF PUT B1 I^row J2 (VUX F^f Z1)
CODE V>   BUF PUT B1 I^row J1 ^key
CODE V>   BUF PUT B1 I^row J2 (VLX F^f Z1)
CODE V> BUF EXP B1 "D:\atelier-opt3\.planning\loop\candidates-2026-07-09\US20170003482A1\asphere\atelier_codev_target_A_optimized_readout.tsv"
     Buffer B1 exported to file atelier_codev_target_A_optimized_readout.tsv
CODE V> BUF DEL B1
CODE V> OUT YES
CODE V> EXI YES
     EXI                                                                               9-Jul-26  19H  2M 33S
                                                 CODE V PC  Version: 11.5             CPU clock:  0H  0M 21S
